folio,section_code,section,locator,position_code,locus_type,raw_eva,display_eva,normalized_tokens,token_count,structural_gloss,structural_confidence,speculative_english,speculative_status,page_context,ruleset_version
f1r,T,Text-only / control,f1r.1,@P0,P,<%>fachys.ykal.ar.ataiin.shol.shory.[cth:oto]res.y.kor.sholdy<!@254;>,fachys ykal ar ataiin shol shory [cth:oto]res y kor sholdy [note: @254;],fachys ykal ar ataiin shol shory cthres y kor sholdy,10,running paragraph text; paragraph opening; 10 normalized token groups. ykal: recurrent form; ar: broad high-frequency form; ataiin: productive ending family. no English lexical value established.,Moderate for form and position; zero validated English semantics,Repeat the adjoining entry after the second measure; keep the sequence unchanged.,Creative reconstruction; not a decipherment or translation,A text-dominant opening folio with later marginal additions and the historical Tepenec signature. It is used as a control because illustration-led semantics are unavailable.,pilot-0.1.0
f1r,T,Text-only / control,f1r.2,+P0,P,"sory.ckhar.or,y.kair.chtaiin.shar.ase.cthar.cthar,dan",sory ckhar or [?break] y kair chtaiin shar ase cthar cthar [?break] dan,sory ckhar or y kair chtaiin shar ase cthar cthar dan,11,running paragraph text; continuation; 11 normalized token groups. ckhar: recurrent form; or: broad high-frequency form; y: broad high-frequency form. within-line repetition: cthar. no English lexical value established.,Moderate for form and position; zero validated English semantics,Compare the measured portion in the appointed order; keep the sequence unchanged.,Creative reconstruction; not a decipherment or translation,A text-dominant opening folio with later marginal additions and the historical Tepenec signature. It is used as a control because illustration-led semantics are unavailable.,pilot-0.1.0
f1r,T,Text-only / control,f1r.3,+P0,P,syaiir.sheky.or.ykaiin.shod.cthoary.cthes.daraiin.sy,syaiir sheky or ykaiin shod cthoary cthes daraiin sy,syaiir sheky or ykaiin shod cthoary cthes daraiin sy,9,running paragraph text; continuation; 9 normalized token groups. sheky: recurrent form; or: broad high-frequency form; ykaiin: productive ending family. no English lexical value established.,Moderate for form and position; zero validated English semantics,Join the adjoining entry in the appointed order; compare it with the following entry.,Creative reconstruction; not a decipherment or translation,A text-dominant opening folio with later marginal additions and the historical Tepenec signature. It is used as a control because illustration-led semantics are unavailable.,pilot-0.1.0
f1r,T,Text-only / control,f1r.4,+P0,P,"soiin.oteey.oteo[s:r],roloty.cthiar,daiin.okaiin.or.okan",soiin oteey oteo[s:r] [?break] roloty cthiar [?break] daiin okaiin or okan,soiin oteey oteos roloty cthiar daiin okaiin or okan,9,running paragraph text; continuation; 9 normalized token groups. soiin: line-initial tendency; oteey: broad high-frequency form; oteos: recurrent form. no English lexical value established.,Moderate for form and position; zero validated English semantics,Repeat the prepared matter before the final division; return to the opening mark.,Creative reconstruction; not a decipherment or translation,A text-dominant opening folio with later marginal additions and the historical Tepenec signature. It is used as a control because illustration-led semantics are unavailable.,pilot-0.1.0
f1r,T,Text-only / control,f1r.5,+P0,P,"sair,y.chear.cthaiin.cphar.cfhaiin",sair [?break] y chear cthaiin cphar cfhaiin,sair y chear cthaiin cphar cfhaiin,6,running paragraph text; continuation; 6 normalized token groups. sair: line-initial tendency; y: broad high-frequency form; chear: recurrent form. no English lexical value established.,Moderate for form and position; zero validated English semantics,Preserve the first account before the final division; compare it with the following entry.,Creative reconstruction; not a decipherment or translation,A text-dominant opening folio with later marginal additions and the historical Tepenec signature. It is used as a control because illustration-led semantics are unavailable.,pilot-0.1.0
f1r,T,Text-only / control,f1r.6,=Pt,P,ydaraishy<$>,ydaraishy,ydaraishy,1,running paragraph text; paragraph or sequence ending; 1 normalized token group. no English lexical value established.,Moderate for form and position; zero validated English semantics,Label: Entry or name marker.,Creative reconstruction; not a decipherment or translation,A text-dominant opening folio with later marginal additions and the historical Tepenec signature. It is used as a control because illustration-led semantics are unavailable.,pilot-0.1.0
f1r,T,Text-only / control,f1r.7,*P0,P,<%><!@252;>odar.{c'y}.shol.cphoy.oydar.sh.s.cfhoaiin.shodary,[note: @252;] odar {c'y} shol cphoy oydar sh s cfhoaiin shodary,odar cy shol cphoy oydar sh s cfhoaiin shodary,9,running paragraph text; paragraph opening; 9 normalized token groups. odar: recurrent form; cy: recurrent form; shol: broad high-frequency form. no English lexical value established.,Moderate for form and position; zero validated English semantics,Repeat the principal sign after the second measure; leave the final quantity apart.,Creative reconstruction; not a decipherment or translation,A text-dominant opening folio with later marginal additions and the historical Tepenec signature. It is used as a control because illustration-led semantics are unavailable.,pilot-0.1.0
f1r,T,Text-only / control,f1r.8,+P0,P,"yshey.shody.okchoy.otchol.chocthy.os,chy.dain.chor.kos",yshey shody okchoy otchol chocthy os [?break] chy dain chor kos,yshey shody okchoy otchol chocthy os chy dain chor kos,10,running paragraph text; continuation; 10 normalized token groups. yshey: line-initial tendency; shody: productive ending family; otchol: line-initial tendency. no English lexical value established.,Moderate for form and position; zero validated English semantics,Set down the prepared matter after the second measure; retain only the clear portion.,Creative reconstruction; not a decipherment or translation,A text-dominant opening folio with later marginal additions and the historical Tepenec signature. It is used as a control because illustration-led semantics are unavailable.,pilot-0.1.0
f1r,T,Text-only / control,f1r.9,+P0,P,daiin.shos.cfhol.shody,daiin shos cfhol shody,daiin shos cfhol shody,4,running paragraph text; continuation; 4 normalized token groups. daiin: broad high-frequency form; shos: line-initial tendency; cfhol: recurrent form. no English lexical value established.,Moderate for form and position; zero validated English semantics,Preserve the principal sign in the appointed order; leave the final quantity apart.,Creative reconstruction; not a decipherment or translation,A text-dominant opening folio with later marginal additions and the historical Tepenec signature. It is used as a control because illustration-led semantics are unavailable.,pilot-0.1.0
f1r,T,Text-only / control,f1r.10,=Pt,P,dain.os.teody<$>,dain os teody,dain os teody,3,running paragraph text; paragraph or sequence ending; 3 normalized token groups. dain: broad high-frequency form; os: recurrent form; teody: productive ending family. no English lexical value established.,Moderate for form and position; zero validated English semantics,Set down the measured portion beside the earlier note; retain only the clear portion.,Creative reconstruction; not a decipherment or translation,A text-dominant opening folio with later marginal additions and the historical Tepenec signature. It is used as a control because illustration-led semantics are unavailable.,pilot-0.1.0
f1r,T,Text-only / control,f1r.11,*P0,P,"<%><!@253;>ydain.cphesaiin.ols.cphey.ytain.shoshy.cphodal,es",[note: @253;] ydain cphesaiin ols cphey ytain shoshy cphodal [?break] es,ydain cphesaiin ols cphey ytain shoshy cphodal es,8,running paragraph text; paragraph opening; 8 normalized token groups. ydain: productive ending family; cphesaiin: productive ending family; ols: line-final tendency. no English lexical value established.,Moderate for form and position; zero validated English semantics,Preserve the named substance after the second measure; leave the final quantity apart.,Creative reconstruction; not a decipherment or translation,A text-dominant opening folio with later marginal additions and the historical Tepenec signature. It is used as a control because illustration-led semantics are unavailable.,pilot-0.1.0
f1r,T,Text-only / control,f1r.12,+P0,P,oksho.kshoy.otairin.oteol.okan.shodain.sckhey.daiin,oksho kshoy otairin oteol okan shodain sckhey daiin,oksho kshoy otairin oteol okan shodain sckhey daiin,8,running paragraph text; continuation; 8 normalized token groups. oksho: recurrent form; oteol: recurrent form; okan: recurrent form. no English lexical value established.,Moderate for form and position; zero validated English semantics,Compare the prepared matter before the final division; return to the opening mark.,Creative reconstruction; not a decipherment or translation,A text-dominant opening folio with later marginal additions and the historical Tepenec signature. It is used as a control because illustration-led semantics are unavailable.,pilot-0.1.0
f1r,T,Text-only / control,f1r.13,+P0,P,shoy.ckhey.kodaiin.cphy.cphodaiils.cthey.sho.oldain.d,shoy ckhey kodaiin cphy cphodaiils cthey sho oldain d,shoy ckhey kodaiin cphy cphodaiils cthey sho oldain d,9,running paragraph text; continuation; 9 normalized token groups. ckhey: productive ending family; kodaiin: productive ending family; cphy: recurrent form. no English lexical value established.,Moderate for form and position; zero validated English semantics,Join the first account under the same sign; return to the opening mark.,Creative reconstruction; not a decipherment or translation,A text-dominant opening folio with later marginal additions and the historical Tepenec signature. It is used as a control because illustration-led semantics are unavailable.,pilot-0.1.0
f1r,T,Text-only / control,f1r.14,+P0,P,dain.oiin.chol.odaiin.chodain.chdy.ok[a:o]in.d?n.cthy.kod,dain oiin chol odaiin chodain chdy ok[a:o]in d?n cthy kod,dain oiin chol odaiin chodain chdy okain d n cthy kod,11,running paragraph text; continuation; 11 normalized token groups. dain: broad high-frequency form; oiin: recurrent form; chol: broad high-frequency form. no English lexical value established.,Moderate for form and position; zero validated English semantics,Set down the measured portion with the remaining portion; compare it with the following entry.,Creative reconstruction; not a decipherment or translation,A text-dominant opening folio with later marginal additions and the historical Tepenec signature. It is used as a control because illustration-led semantics are unavailable.,pilot-0.1.0
f1r,T,Text-only / control,f1r.15,+P0,P,daiin.shckhey.{ck}eo.r.char.shey.kol.chol.chol.kor.chal,daiin shckhey {ck}eo r char shey kol chol chol kor chal,daiin shckhey ckeo r char shey kol chol chol kor chal,11,running paragraph text; continuation; 11 normalized token groups. daiin: broad high-frequency form; shckhey: productive ending family; r: broad high-frequency form. within-line repetition: chol. no English lexical value established.,Moderate for form and position; zero validated English semantics,Preserve the first account with the remaining portion; compare it with the following entry.,Creative reconstruction; not a decipherment or translation,A text-dominant opening folio with later marginal additions and the historical Tepenec signature. It is used as a control because illustration-led semantics are unavailable.,pilot-0.1.0
f1r,T,Text-only / control,f1r.16,+P0,P,sho.chol.shodan.kshy.kchy.d.or.chodaiin.sho.koeam,sho chol shodan kshy kchy d or chodaiin sho koeam,sho chol shodan kshy kchy d or chodaiin sho koeam,10,running paragraph text; continuation; 10 normalized token groups. sho: broad high-frequency form; chol: broad high-frequency form; kshy: recurrent form. within-line repetition: sho. no English lexical value established.,Moderate for form and position; zero validated English semantics,Record the measured portion beside the earlier note; retain only the clear portion.,Creative reconstruction; not a decipherment or translation,A text-dominant opening folio with later marginal additions and the historical Tepenec signature. It is used as a control because illustration-led semantics are unavailable.,pilot-0.1.0
f1r,T,Text-only / control,f1r.17,+P0,P,"ycho.tchey.chekain.sheo,pshol.dydyd.cthy.dai[{cto}:@194;]y",ycho tchey chekain sheo [?break] pshol dydyd cthy dai[{cto}:@194;]y,ycho tchey chekain sheo pshol dydyd cthy dai cto x y,11,running paragraph text; continuation; 11 normalized token groups. ycho: recurrent form; tchey: productive ending family; chekain: productive ending family. no English lexical value established.,Moderate for form and position; zero validated English semantics,Preserve the named substance after the second measure; return to the opening mark.,Creative reconstruction; not a decipherment or translation,A text-dominant opening folio with later marginal additions and the historical Tepenec signature. It is used as a control because illustration-led semantics are unavailable.,pilot-0.1.0
f1r,T,Text-only / control,f1r.18,+P0,P,"yto.shol.she.kodshey.cphealy.dar,ain.dain.ckhyds",yto shol she kodshey cphealy dar [?break] ain dain ckhyds,yto shol she kodshey cphealy dar ain dain ckhyds,9,running paragraph text; continuation; 9 normalized token groups. yto: recurrent form; shol: broad high-frequency form; she: recurrent form. no English lexical value established.,Moderate for form and position; zero validated English semantics,Set down the adjoining entry with the remaining portion; retain only the clear portion.,Creative reconstruction; not a decipherment or translation,A text-dominant opening folio with later marginal additions and the historical Tepenec signature. It is used as a control because illustration-led semantics are unavailable.,pilot-0.1.0
f1r,T,Text-only / control,f1r.19,+P0,P,dchar.shcthaiin.okaiir.chey.@192;chy.@130;tol.cthols.dlo{ct}o,dchar shcthaiin okaiir chey @192;chy @130;tol cthols dlo{ct}o,dchar shcthaiin okaiir chey xchy xtol cthols dlocto,8,running paragraph text; continuation; 8 normalized token groups. dchar: recurrent form; shcthaiin: productive ending family; okaiir: recurrent form. no English lexical value established.,Moderate for form and position; zero validated English semantics,Compare the first account beside the earlier note; retain only the clear portion.,Creative reconstruction; not a decipherment or translation,A text-dominant opening folio with later marginal additions and the historical Tepenec signature. It is used as a control because illustration-led semantics are unavailable.,pilot-0.1.0
f1r,T,Text-only / control,f1r.20,+P0,P,shok.chor.chey.dain.ckhey,shok chor chey dain ckhey,shok chor chey dain ckhey,5,running paragraph text; continuation; 5 normalized token groups. shok: recurrent form; chor: broad high-frequency form; chey: broad high-frequency form. no English lexical value established.,Moderate for form and position; zero validated English semantics,Compare the first account beside the earlier note; retain only the clear portion.,Creative reconstruction; not a decipherment or translation,A text-dominant opening folio with later marginal additions and the historical Tepenec signature. It is used as a control because illustration-led semantics are unavailable.,pilot-0.1.0
f1r,T,Text-only / control,f1r.21,=Pt,P,otol.daiiin<$>,otol daiiin,otol daiiin,2,running paragraph text; paragraph or sequence ending; 2 normalized token groups. otol: broad high-frequency form; daiiin: line-final tendency. no English lexical value established.,Moderate for form and position; zero validated English semantics,Label: Entry or name marker.,Creative reconstruction; not a decipherment or translation,A text-dominant opening folio with later marginal additions and the historical Tepenec signature. It is used as a control because illustration-led semantics are unavailable.,pilot-0.1.0
f1r,T,Text-only / control,f1r.22,*P0,P,"<%>cpho.shaiin.shokcheey.chol.tshodeesy.shey.pydeey.cha.ro,dar",cpho shaiin shokcheey chol tshodeesy shey pydeey cha ro [?break] dar,cpho shaiin shokcheey chol tshodeesy shey pydeey cha ro dar,10,running paragraph text; paragraph opening; 10 normalized token groups. shaiin: productive ending family; shokcheey: productive ending family; chol: broad high-frequency form. no English lexical value established.,Moderate for form and position; zero validated English semantics,Repeat the first account in the appointed order; return to the opening mark.,Creative reconstruction; not a decipherment or translation,A text-dominant opening folio with later marginal additions and the historical Tepenec signature. It is used as a control because illustration-led semantics are unavailable.,pilot-0.1.0
f1r,T,Text-only / control,f1r.23,+P0,P,ydoin.chol.dain.cthal.dar.shear.kaiin.dar.shey.cthar,ydoin chol dain cthal dar shear kaiin dar shey cthar,ydoin chol dain cthal dar shear kaiin dar shey cthar,10,running paragraph text; continuation; 10 normalized token groups. chol: broad high-frequency form; dain: broad high-frequency form; cthal: recurrent form. within-line repetition: dar. no English lexical value established.,Moderate for form and position; zero validated English semantics,Repeat the measured portion under the same sign; compare it with the following entry.,Creative reconstruction; not a decipherment or translation,A text-dominant opening folio with later marginal additions and the historical Tepenec signature. It is used as a control because illustration-led semantics are unavailable.,pilot-0.1.0
f1r,T,Text-only / control,f1r.24,+P0,P,cho.?o.kaiin.shoaiin.okol.daiin.far.cthol.daiin.ctholdar,cho ?o kaiin shoaiin okol daiin far cthol daiin ctholdar,cho o kaiin shoaiin okol daiin far cthol daiin ctholdar,10,running paragraph text; continuation; 10 normalized token groups. cho: broad high-frequency form; o: broad high-frequency form; kaiin: productive ending family. within-line repetition: daiin. no English lexical value established.,Moderate for form and position; zero validated English semantics,Preserve the prepared matter under the same sign; retain only the clear portion.,Creative reconstruction; not a decipherment or translation,A text-dominant opening folio with later marginal additions and the historical Tepenec signature. It is used as a control because illustration-led semantics are unavailable.,pilot-0.1.0
f1r,T,Text-only / control,f1r.25,+P0,P,ycheey.okeey.oky.daiin.okchey.kokaiin.o?chol.k?dchy.dal,ycheey okeey oky daiin okchey kokaiin o?chol k?dchy dal,ycheey okeey oky daiin okchey kokaiin o chol k dchy dal,11,running paragraph text; continuation; 11 normalized token groups. ycheey: line-initial tendency; okeey: broad high-frequency form; oky: broad high-frequency form. no English lexical value established.,Moderate for form and position; zero validated English semantics,Separate the principal sign beside the earlier note; keep the sequence unchanged.,Creative reconstruction; not a decipherment or translation,A text-dominant opening folio with later marginal additions and the historical Tepenec signature. It is used as a control because illustration-led semantics are unavailable.,pilot-0.1.0
f1r,T,Text-only / control,f1r.26,+P0,P,"dcheo.shody.koshey.cthy.ok,chey.keey.keey,dal.chtor",dcheo shody koshey cthy ok [?break] chey keey keey [?break] dal chtor,dcheo shody koshey cthy ok chey keey keey dal chtor,10,running paragraph text; continuation; 10 normalized token groups. dcheo: recurrent form; shody: productive ending family; koshey: productive ending family. within-line repetition: keey. no English lexical value established.,Moderate for form and position; zero validated English semantics,Set down the prepared matter after the second measure; compare it with the following entry.,Creative reconstruction; not a decipherment or translation,A text-dominant opening folio with later marginal additions and the historical Tepenec signature. It is used as a control because illustration-led semantics are unavailable.,pilot-0.1.0
f1r,T,Text-only / control,f1r.27,+P0,P,?eo?.chol.chok.choty.chotey,?eo? chol chok choty chotey,eo chol chok choty chotey,5,running paragraph text; continuation; 5 normalized token groups. chol: broad high-frequency form; chok: recurrent form; choty: recurrent form. no English lexical value established.,Moderate for form and position; zero validated English semantics,Compare the measured portion before the final division; return to the opening mark.,Creative reconstruction; not a decipherment or translation,A text-dominant opening folio with later marginal additions and the historical Tepenec signature. It is used as a control because illustration-led semantics are unavailable.,pilot-0.1.0
f1r,T,Text-only / control,f1r.28,=Pt,P,dchaiin<$>,dchaiin,dchaiin,1,running paragraph text; paragraph or sequence ending; 1 normalized token group. dchaiin: productive ending family. no English lexical value established.,Moderate for form and position; zero validated English semantics,Label: Entry or name marker.,Creative reconstruction; not a decipherment or translation,A text-dominant opening folio with later marginal additions and the historical Tepenec signature. It is used as a control because illustration-led semantics are unavailable.,pilot-0.1.0
f3r,H,Herbal,f3r.1,@P0,P,<%>tsheos.qopal.chol.cthol.daimg,tsheos qopal chol cthol daimg,tsheos qopal chol cthol daimg,5,running paragraph text; paragraph opening; 5 normalized token groups. qopal: productive qo- family; chol: broad high-frequency form; cthol: section-concentrated form. no English lexical value established.,Moderate for form and position; zero validated English semantics,"Strain the pale whole herb with spring water; keep it before sunrise, for a cooling preparation.",Creative reconstruction; not a decipherment or translation,"A herbal folio with a single large plant. A historical annotation proposes a Cretan-dittany-like identification, but the plant identification is not secure.",pilot-0.1.0
f3r,H,Herbal,f3r.2,+P0,P,ycheor.chor.dam.qotcham.cham,ycheor chor dam qotcham cham,ycheor chor dam qotcham cham,5,running paragraph text; continuation; 5 normalized token groups. ycheor: recurrent form; chor: broad high-frequency form; dam: broad high-frequency form. no English lexical value established.,Moderate for form and position; zero validated English semantics,"Grind the tender outer bark with wine; keep it until the liquid clears, for external use.",Creative reconstruction; not a decipherment or translation,"A herbal folio with a single large plant. A historical annotation proposes a Cretan-dittany-like identification, but the plant identification is not secure.",pilot-0.1.0
f3r,H,Herbal,f3r.3,+P0,P,ochor.qocheor.chol.daiin.cthy,ochor qocheor chol daiin cthy,ochor qocheor chol daiin cthy,5,running paragraph text; continuation; 5 normalized token groups. ochor: recurrent form; qocheor: productive qo- family; chol: broad high-frequency form. no English lexical value established.,Moderate for form and position; zero validated English semantics,"Dry the pale fresh shoots with vinegar; keep it for one measured interval, for external use.",Creative reconstruction; not a decipherment or translation,"A herbal folio with a single large plant. A historical annotation proposes a Cretan-dittany-like identification, but the plant identification is not secure.",pilot-0.1.0
f3r,H,Herbal,f3r.4,+P0,P,schey.chor.chal.chag.cham.cho,schey chor chal chag cham cho,schey chor chal chag cham cho,6,running paragraph text; continuation; 6 normalized token groups. schey: productive ending family; chor: broad high-frequency form; chal: recurrent form. no English lexical value established.,Moderate for form and position; zero validated English semantics,"Dry the bitter outer bark with spring water; keep it until the liquid clears, as the first ingredient.",Creative reconstruction; not a decipherment or translation,"A herbal folio with a single large plant. A historical annotation proposes a Cretan-dittany-like identification, but the plant identification is not secure.",pilot-0.1.0
f3r,H,Herbal,f3r.5,+P0,P,qokol.chololy.s.cham.cthol,qokol chololy s cham cthol,qokol chololy s cham cthol,5,running paragraph text; continuation; 5 normalized token groups. qokol: broad high-frequency form; s: broad high-frequency form; cham: line-final tendency. no English lexical value established.,Moderate for form and position; zero validated English semantics,"Strain the tender whole herb with spring water; keep it in the shade, as the first ingredient.",Creative reconstruction; not a decipherment or translation,"A herbal folio with a single large plant. A historical annotation proposes a Cretan-dittany-like identification, but the plant identification is not secure.",pilot-0.1.0
f3r,H,Herbal,f3r.6,+P0,P,ychtaiin.chor.cthom.otaldam,ychtaiin chor cthom otaldam,ychtaiin chor cthom otaldam,4,running paragraph text; continuation; 4 normalized token groups. ychtaiin: productive ending family; chor: broad high-frequency form; cthom: recurrent form. no English lexical value established.,Moderate for form and position; zero validated English semantics,"Strain the tender outer bark with warm oil; keep it until the liquid clears, for storage in a sealed vessel.",Creative reconstruction; not a decipherment or translation,"A herbal folio with a single large plant. A historical annotation proposes a Cretan-dittany-like identification, but the plant identification is not secure.",pilot-0.1.0
f3r,H,Herbal,f3r.7,+P0,P,otchol.qodaiin.chom.shom.damo,otchol qodaiin chom shom damo,otchol qodaiin chom shom damo,5,running paragraph text; continuation; 5 normalized token groups. otchol: line-initial tendency; qodaiin: productive qo- family; chom: line-final tendency. no English lexical value established.,Moderate for form and position; zero validated English semantics,"Steep the freshly cut whole herb with vinegar; keep it before sunrise, as the first ingredient.",Creative reconstruction; not a decipherment or translation,"A herbal folio with a single large plant. A historical annotation proposes a Cretan-dittany-like identification, but the plant identification is not secure.",pilot-0.1.0
f3r,H,Herbal,f3r.8,+P0,P,ysheor.chor.chol.oky.dago,ysheor chor chol oky dago,ysheor chor chol oky dago,5,running paragraph text; continuation; 5 normalized token groups. ysheor: recurrent form; chor: broad high-frequency form; chol: broad high-frequency form. no English lexical value established.,Moderate for form and position; zero validated English semantics,"Cut the pale outer bark with clear water; keep it for one measured interval, for a warming preparation.",Creative reconstruction; not a decipherment or translation,"A herbal folio with a single large plant. A historical annotation proposes a Cretan-dittany-like identification, but the plant identification is not secure.",pilot-0.1.0
f3r,H,Herbal,f3r.9,+P0,P,sho.vor.sheoldam.otchody.ol,sho vor sheoldam otchody ol,sho vor sheoldam otchody ol,5,running paragraph text; continuation; 5 normalized token groups. sho: broad high-frequency form; otchody: productive ending family; ol: broad high-frequency form. no English lexical value established.,Moderate for form and position; zero validated English semantics,"Cut the mature fresh shoots with vinegar; keep it until the colour deepens, for a cooling preparation.",Creative reconstruction; not a decipherment or translation,"A herbal folio with a single large plant. A historical annotation proposes a Cretan-dittany-like identification, but the plant identification is not secure.",pilot-0.1.0
f3r,H,Herbal,f3r.10,+P0,P,ydar.cholcthom<$>,ydar cholcthom,ydar cholcthom,2,running paragraph text; paragraph or sequence ending; 2 normalized token groups. ydar: recurrent form. no English lexical value established.,Moderate for form and position; zero validated English semantics,Label: The Seed Cluster of the red-rooted plant.,Creative reconstruction; not a decipherment or translation,"A herbal folio with a single large plant. A historical annotation proposes a Cretan-dittany-like identification, but the plant identification is not secure.",pilot-0.1.0
f3r,H,Herbal,f3r.11,+P0,P,<%>pcheol.shol.sols.sheol.shey,pcheol shol sols sheol shey,pcheol shol sols sheol shey,5,running paragraph text; continuation; 5 normalized token groups. pcheol: line-initial tendency; shol: broad high-frequency form; sols: recurrent form. no English lexical value established.,Moderate for form and position; zero validated English semantics,"Gather the pale whole herb with clear water; keep it for one measured interval, for a warming preparation.",Creative reconstruction; not a decipherment or translation,"A herbal folio with a single large plant. A historical annotation proposes a Cretan-dittany-like identification, but the plant identification is not secure.",pilot-0.1.0
f3r,H,Herbal,f3r.12,+P0,P,"okadaiin.qokchor.qo,schodam.octhy",okadaiin qokchor qo [?break] schodam octhy,okadaiin qokchor qo schodam octhy,5,running paragraph text; continuation; 5 normalized token groups. okadaiin: productive ending family; qokchor: section-concentrated form; qo: productive qo- family. no English lexical value established.,Moderate for form and position; zero validated English semantics,"Dry the red-veined young leaves with clear water; keep it in the shade, for storage in a sealed vessel.",Creative reconstruction; not a decipherment or translation,"A herbal folio with a single large plant. A historical annotation proposes a Cretan-dittany-like identification, but the plant identification is not secure.",pilot-0.1.0
f3r,H,Herbal,f3r.13,+P0,P,"qokeey.qot,shey.qokody.qokshey.cheody",qokeey qot [?break] shey qokody qokshey cheody,qokeey qot shey qokody qokshey cheody,6,running paragraph text; continuation; 6 normalized token groups. qokeey: broad high-frequency form; qot: section-concentrated form; shey: broad high-frequency form. no English lexical value established.,Moderate for form and position; zero validated English semantics,"Gather the aromatic flowering stem with honey; keep it before sunrise, for a cooling preparation.",Creative reconstruction; not a decipherment or translation,"A herbal folio with a single large plant. A historical annotation proposes a Cretan-dittany-like identification, but the plant identification is not secure.",pilot-0.1.0
f3r,H,Herbal,f3r.14,+P0,P,chor.qodair.okeey.qokeey<$>,chor qodair okeey qokeey,chor qodair okeey qokeey,4,running paragraph text; paragraph or sequence ending; 4 normalized token groups. chor: broad high-frequency form; qodair: productive qo- family; okeey: broad high-frequency form. no English lexical value established.,Moderate for form and position; zero validated English semantics,"Bruise the tender root with clear water; keep it for one measured interval, for a cooling preparation.",Creative reconstruction; not a decipherment or translation,"A herbal folio with a single large plant. A historical annotation proposes a Cretan-dittany-like identification, but the plant identification is not secure.",pilot-0.1.0
f3r,H,Herbal,f3r.15,+P0,P,<%>tsheoarom.shor.or.chor.olchsy.chom.otchom<->oporar,tsheoarom shor or chor olchsy chom otchom | oporar,tsheoarom shor or chor olchsy chom otchom oporar,8,running paragraph text; continuation; 8 normalized token groups. shor: broad high-frequency form; or: broad high-frequency form; chor: broad high-frequency form. no English lexical value established.,Moderate for form and position; zero validated English semantics,"Grind the pale fresh shoots with clear water; keep it before sunrise, for external use.",Creative reconstruction; not a decipherment or translation,"A herbal folio with a single large plant. A historical annotation proposes a Cretan-dittany-like identification, but the plant identification is not secure.",pilot-0.1.0
f3r,H,Herbal,f3r.16,+P0,P,oteol.chol.s.cheol.ekshy.qokeom.qokol.daiin<->soleeg,oteol chol s cheol ekshy qokeom qokol daiin | soleeg,oteol chol s cheol ekshy qokeom qokol daiin soleeg,9,running paragraph text; continuation; 9 normalized token groups. oteol: recurrent form; chol: broad high-frequency form; s: broad high-frequency form. no English lexical value established.,Moderate for form and position; zero validated English semantics,"Gather the tender flowering stem with wine; keep it before sunrise, for a warming preparation.",Creative reconstruction; not a decipherment or translation,"A herbal folio with a single large plant. A historical annotation proposes a Cretan-dittany-like identification, but the plant identification is not secure.",pilot-0.1.0
f3r,H,Herbal,f3r.17,+P0,P,soeom.okeom.yteody.qokeeodal.sam<$>,soeom okeom yteody qokeeodal sam,soeom okeom yteody qokeeodal sam,5,running paragraph text; paragraph or sequence ending; 5 normalized token groups. okeom: recurrent form; yteody: line-initial tendency; qokeeodal: productive qo- family. no English lexical value established.,Moderate for form and position; zero validated English semantics,"Bruise the aromatic fresh shoots with spring water; keep it for one measured interval, for a warming preparation.",Creative reconstruction; not a decipherment or translation,"A herbal folio with a single large plant. A historical annotation proposes a Cretan-dittany-like identification, but the plant identification is not secure.",pilot-0.1.0
f3r,H,Herbal,f3r.18,+P0,P,"<%>pcheoldom.shodaiin.qopchor.qopol.opchol,qoty<->otolom",pcheoldom shodaiin qopchor qopol opchol [?break] qoty | otolom,pcheoldom shodaiin qopchor qopol opchol qoty otolom,7,running paragraph text; continuation; 7 normalized token groups. shodaiin: productive ending family; qopchor: productive qo- family; qopol: productive qo- family. no English lexical value established.,Moderate for form and position; zero validated English semantics,"Strain the aromatic seed with honey; keep it before sunrise, as the first ingredient.",Creative reconstruction; not a decipherment or translation,"A herbal folio with a single large plant. A historical annotation proposes a Cretan-dittany-like identification, but the plant identification is not secure.",pilot-0.1.0
f3r,H,Herbal,f3r.19,+P0,P,"otchor.ol,cheor.qoeor.dair.qoteol.qosaiin<->chor.cthy",otchor ol [?break] cheor qoeor dair qoteol qosaiin | chor cthy,otchor ol cheor qoeor dair qoteol qosaiin chor cthy,9,running paragraph text; continuation; 9 normalized token groups. otchor: line-initial tendency; ol: broad high-frequency form; cheor: broad high-frequency form. no English lexical value established.,Moderate for form and position; zero validated English semantics,"Steep the bitter flowering stem with clear water; keep it over a gentle heat, for a warming preparation.",Creative reconstruction; not a decipherment or translation,"A herbal folio with a single large plant. A historical annotation proposes a Cretan-dittany-like identification, but the plant identification is not secure.",pilot-0.1.0
f3r,H,Herbal,f3r.20,+P0,P,"ycheor.chol.odaiin.chol.s.aiin.okol,or.am<$>",ycheor chol odaiin chol s aiin okol [?break] or am,ycheor chol odaiin chol s aiin okol or am,9,running paragraph text; paragraph or sequence ending; 9 normalized token groups. ycheor: recurrent form; chol: broad high-frequency form; odaiin: productive ending family. within-line repetition: chol. no English lexical value established.,Moderate for form and position; zero validated English semantics,"Grind the mature flowering stem with vinegar; keep it in the shade, for a warming preparation.",Creative reconstruction; not a decipherment or translation,"A herbal folio with a single large plant. A historical annotation proposes a Cretan-dittany-like identification, but the plant identification is not secure.",pilot-0.1.0
f31r,H,Herbal,f31r.1,@P0,P,"<%>keedey.qofchedy.shee,s.aiin.qokee@149;.chepakeo",keedey qofchedy shee [?break] s aiin qokee@149; chepakeo,keedey qofchedy shee s aiin qokeex chepakeo,7,running paragraph text; paragraph opening; 7 normalized token groups. keedey: productive ending family; qofchedy: productive qo- family; shee: recurrent form. no English lexical value established.,Moderate for form and position; zero validated English semantics,"Gather the tender fresh shoots with clear water; keep it until the colour deepens, for a cooling preparation.",Creative reconstruction; not a decipherment or translation,"A herbal folio in Currier language B and a different scribal hand from f3r, useful for testing whether rules survive a corpus shift.",pilot-0.1.0
f31r,H,Herbal,f31r.2,+P0,P,dcheey.daiin.okeedy.qokees.s.aiin.shekeey.qef,dcheey daiin okeedy qokees s aiin shekeey qef,dcheey daiin okeedy qokees s aiin shekeey qef,8,running paragraph text; continuation; 8 normalized token groups. dcheey: line-initial tendency; daiin: broad high-frequency form; okeedy: broad high-frequency form. no English lexical value established.,Moderate for form and position; zero validated English semantics,"Grind the red-veined root with clear water; keep it in the shade, for a warming preparation.",Creative reconstruction; not a decipherment or translation,"A herbal folio in Currier language B and a different scribal hand from f3r, useful for testing whether rules survive a corpus shift.",pilot-0.1.0
f31r,H,Herbal,f31r.3,+P0,P,"qokeey.chey.daiin.qokeey.[s:r]air.chekey.s,aiin.da?",qokeey chey daiin qokeey [s:r]air chekey s [?break] aiin da?,qokeey chey daiin qokeey sair chekey s aiin da,9,running paragraph text; continuation; 9 normalized token groups. qokeey: broad high-frequency form; chey: broad high-frequency form; daiin: broad high-frequency form. within-line repetition: qokeey. no English lexical value established.,Moderate for form and position; zero validated English semantics,"Gather the mature root with clear water; keep it over a gentle heat, as the first ingredient.",Creative reconstruction; not a decipherment or translation,"A herbal folio in Currier language B and a different scribal hand from f3r, useful for testing whether rules survive a corpus shift.",pilot-0.1.0
f31r,H,Herbal,f31r.4,+P0,P,"qotar.chy.dar.lo,r,ar.cheey.keeol,chedy.qokey",qotar chy dar lo [?break] r [?break] ar cheey keeol [?break] chedy qokey,qotar chy dar lo r ar cheey keeol chedy qokey,10,running paragraph text; continuation; 10 normalized token groups. qotar: productive qo- family; chy: broad high-frequency form; dar: broad high-frequency form. no English lexical value established.,Moderate for form and position; zero validated English semantics,"Cut the aromatic whole herb with warm oil; keep it until the liquid clears, for a cooling preparation.",Creative reconstruction; not a decipherment or translation,"A herbal folio in Currier language B and a different scribal hand from f3r, useful for testing whether rules survive a corpus shift.",pilot-0.1.0
f31r,H,Herbal,f31r.5,+P0,P,daiin.sheeody.qokeor<$>,daiin sheeody qokeor,daiin sheeody qokeor,3,running paragraph text; paragraph or sequence ending; 3 normalized token groups. daiin: broad high-frequency form; sheeody: productive ending family; qokeor: productive qo- family. no English lexical value established.,Moderate for form and position; zero validated English semantics,"Steep the red-veined outer bark with vinegar; keep it until the colour deepens, for storage in a sealed vessel.",Creative reconstruction; not a decipherment or translation,"A herbal folio in Currier language B and a different scribal hand from f3r, useful for testing whether rules survive a corpus shift.",pilot-0.1.0
f31r,H,Herbal,f31r.6,+P0,P,"<%>tshokeody.qokedy.qotedy.chep[o:a]s.cheda,[s:r].aiin.dal",tshokeody qokedy qotedy chep[o:a]s cheda [?break] [s:r] aiin dal,tshokeody qokedy qotedy chepos cheda s aiin dal,8,running paragraph text; continuation; 8 normalized token groups. tshokeody: productive ending family; qokedy: broad high-frequency form; qotedy: productive qo- family. no English lexical value established.,Moderate for form and position; zero validated English semantics,"Strain the freshly cut whole herb with spring water; keep it before sunrise, for a warming preparation.",Creative reconstruction; not a decipherment or translation,"A herbal folio in Currier language B and a different scribal hand from f3r, useful for testing whether rules survive a corpus shift.",pilot-0.1.0
f31r,H,Herbal,f31r.7,+P0,P,ykeedar.saiin.checkhey.sheol.qokedy.ykeedy.chedy.ldy,ykeedar saiin checkhey sheol qokedy ykeedy chedy ldy,ykeedar saiin checkhey sheol qokedy ykeedy chedy ldy,8,running paragraph text; continuation; 8 normalized token groups. saiin: broad high-frequency form; checkhey: productive ending family; sheol: broad high-frequency form. no English lexical value established.,Moderate for form and position; zero validated English semantics,"Boil the bitter outer bark with clear water; keep it in the shade, for a warming preparation.",Creative reconstruction; not a decipherment or translation,"A herbal folio in Currier language B and a different scribal hand from f3r, useful for testing whether rules survive a corpus shift.",pilot-0.1.0
f31r,H,Herbal,f31r.8,+P0,P,shedy.qokedy.cheol.cheod.qokeody.cheol.checthy,shedy qokedy cheol cheod qokeody cheol checthy,shedy qokedy cheol cheod qokeody cheol checthy,7,running paragraph text; continuation; 7 normalized token groups. shedy: broad high-frequency form; qokedy: broad high-frequency form; cheol: broad high-frequency form. within-line repetition: cheol. no English lexical value established.,Moderate for form and position; zero validated English semantics,"Cut the tender whole herb with vinegar; keep it in the shade, for a warming preparation.",Creative reconstruction; not a decipherment or translation,"A herbal folio in Currier language B and a different scribal hand from f3r, useful for testing whether rules survive a corpus shift.",pilot-0.1.0
f31r,H,Herbal,f31r.9,+P0,P,daiir.sheeo.shcthey.okeol<$>,daiir sheeo shcthey okeol,daiir sheeo shcthey okeol,4,running paragraph text; paragraph or sequence ending; 4 normalized token groups. daiir: line-initial tendency; sheeo: recurrent form; shcthey: productive ending family. no English lexical value established.,Moderate for form and position; zero validated English semantics,"Gather the pale whole herb with vinegar; keep it until the liquid clears, for storage in a sealed vessel.",Creative reconstruction; not a decipherment or translation,"A herbal folio in Currier language B and a different scribal hand from f3r, useful for testing whether rules survive a corpus shift.",pilot-0.1.0
f31r,H,Herbal,f31r.10,+P0,P,"<%>tol,shso.okedy.okedy.qokedy.qokeedy.dar.shedshey",tol [?break] shso okedy okedy qokedy qokeedy dar shedshey,tol shso okedy okedy qokedy qokeedy dar shedshey,8,running paragraph text; continuation; 8 normalized token groups. tol: line-initial tendency; okedy: broad high-frequency form; qokedy: broad high-frequency form. within-line repetition: okedy. no English lexical value established.,Moderate for form and position; zero validated English semantics,"Strain the bitter seed with wine; keep it in the shade, for external use.",Creative reconstruction; not a decipherment or translation,"A herbal folio in Currier language B and a different scribal hand from f3r, useful for testing whether rules survive a corpus shift.",pilot-0.1.0
f31r,H,Herbal,f31r.11,+P0,P,"olsheol.qokchy.dal,chey.deey.kchy.keey.okaiiin.ykeey",olsheol qokchy dal [?break] chey deey kchy keey okaiiin ykeey,olsheol qokchy dal chey deey kchy keey okaiiin ykeey,9,running paragraph text; continuation; 9 normalized token groups. olsheol: recurrent form; qokchy: productive qo- family; dal: broad high-frequency form. no English lexical value established.,Moderate for form and position; zero validated English semantics,"Grind the freshly cut outer bark with wine; keep it for one measured interval, for a cooling preparation.",Creative reconstruction; not a decipherment or translation,"A herbal folio in Currier language B and a different scribal hand from f3r, useful for testing whether rules survive a corpus shift.",pilot-0.1.0
f31r,H,Herbal,f31r.12,+P0,P,qoaiin.yches.okedy.sheey.chedaiin.dar,qoaiin yches okedy sheey chedaiin dar,qoaiin yches okedy sheey chedaiin dar,6,running paragraph text; continuation; 6 normalized token groups. qoaiin: productive qo- family; okedy: broad high-frequency form; sheey: broad high-frequency form. no English lexical value established.,Moderate for form and position; zero validated English semantics,"Strain the bitter seed with wine; keep it for one measured interval, as the first ingredient.",Creative reconstruction; not a decipherment or translation,"A herbal folio in Currier language B and a different scribal hand from f3r, useful for testing whether rules survive a corpus shift.",pilot-0.1.0
f31r,H,Herbal,f31r.13,+P0,P,olsheor.qoekedy.otedy.ykedy.dals,olsheor qoekedy otedy ykedy dals,olsheor qoekedy otedy ykedy dals,5,running paragraph text; continuation; 5 normalized token groups. qoekedy: productive qo- family; otedy: broad high-frequency form; ykedy: productive ending family. no English lexical value established.,Moderate for form and position; zero validated English semantics,"Grind the pale flowering stem with warm oil; keep it before sunrise, for storage in a sealed vessel.",Creative reconstruction; not a decipherment or translation,"A herbal folio in Currier language B and a different scribal hand from f3r, useful for testing whether rules survive a corpus shift.",pilot-0.1.0
f31r,H,Herbal,f31r.14,+P0,P,saii[s:r].or.chedy.daiin.okeedy,saii[s:r] or chedy daiin okeedy,saiis or chedy daiin okeedy,5,running paragraph text; continuation; 5 normalized token groups. or: broad high-frequency form; chedy: broad high-frequency form; daiin: broad high-frequency form. no English lexical value established.,Moderate for form and position; zero validated English semantics,"Steep the bitter outer bark with vinegar; keep it before sunrise, for a warming preparation.",Creative reconstruction; not a decipherment or translation,"A herbal folio in Currier language B and a different scribal hand from f3r, useful for testing whether rules survive a corpus shift.",pilot-0.1.0
f31r,H,Herbal,f31r.15,+P0,P,"yshedair.sheol,cheky.okedam",yshedair sheol [?break] cheky okedam,yshedair sheol cheky okedam,4,running paragraph text; continuation; 4 normalized token groups. sheol: broad high-frequency form; cheky: recurrent form; okedam: recurrent form. no English lexical value established.,Moderate for form and position; zero validated English semantics,"Steep the red-veined whole herb with vinegar; keep it over a gentle heat, for storage in a sealed vessel.",Creative reconstruction; not a decipherment or translation,"A herbal folio in Currier language B and a different scribal hand from f3r, useful for testing whether rules survive a corpus shift.",pilot-0.1.0
f31r,H,Herbal,f31r.16,+Pc,P,oteor.aiicthy<$>,oteor aiicthy,oteor aiicthy,2,running paragraph text; paragraph or sequence ending; 2 normalized token groups. oteor: recurrent form. no English lexical value established.,Moderate for form and position; zero validated English semantics,Label: The Seed Cluster of the red-rooted plant.,Creative reconstruction; not a decipherment or translation,"A herbal folio in Currier language B and a different scribal hand from f3r, useful for testing whether rules survive a corpus shift.",pilot-0.1.0
f67r1,A,Astronomical,f67r1.1,@P0,P,<%>teeodaiin.shey.epairody.osaiin.yteeoey.shey.epaiin.o.aiin,teeodaiin shey epairody osaiin yteeoey shey epaiin o aiin,teeodaiin shey epairody osaiin yteeoey shey epaiin o aiin,9,running paragraph text; paragraph opening; 9 normalized token groups. teeodaiin: productive ending family; shey: broad high-frequency form; epairody: productive ending family. within-line repetition: shey. no English lexical value established.,Moderate for form and position; zero validated English semantics,Count the interval between signs along the outermost circuit; compare it with the opposing point after the third interval.,Creative reconstruction; not a decipherment or translation,"An astronomical foldout surface dominated by lunar imagery, concentric circles, radial structure, and circular writing.",pilot-0.1.0
f67r1,A,Astronomical,f67r1.2,+P0,P,daiir.okeody.qoekeey.sar.oeteody.oteey.keey.keo.keeoda[l:?],daiir okeody qoekeey sar oeteody oteey keey keo keeoda[l:?],daiir okeody qoekeey sar oeteody oteey keey keo keeodal,9,running paragraph text; continuation; 9 normalized token groups. daiir: line-initial tendency; okeody: productive ending family; qoekeey: productive qo- family. no English lexical value established.,Moderate for form and position; zero validated English semantics,Follow the central light along the first circle; compare it with the marked division before dawn.,Creative reconstruction; not a decipherment or translation,"An astronomical foldout surface dominated by lunar imagery, concentric circles, radial structure, and circular writing.",pilot-0.1.0
f67r1,A,Astronomical,f67r1.3,+P0,P,"ycheo.s.o,iim.[che:eee]os.aiin.okesoe.ar.am.shees.dalaiin.dam",ycheo s o [?break] iim [che:eee]os aiin okesoe ar am shees dalaiin dam,ycheo s o iim cheos aiin okesoe ar am shees dalaiin dam,12,running paragraph text; continuation; 12 normalized token groups. ycheo: line-initial tendency; s: broad high-frequency form; o: broad high-frequency form. no English lexical value established.,Moderate for form and position; zero validated English semantics,Follow the outer ring along the outermost circuit; compare it with the returning sign at the month's turning.,Creative reconstruction; not a decipherment or translation,"An astronomical foldout surface dominated by lunar imagery, concentric circles, radial structure, and circular writing.",pilot-0.1.0
f67r1,A,Astronomical,f67r1.4,+P0,P,"cheodaiin.[ch:a]ekeey.s.ar.air.s,o,ar.cheey.dair.cthey<$>",cheodaiin [ch:a]ekeey s ar air s [?break] o [?break] ar cheey dair cthey,cheodaiin chekeey s ar air s o ar cheey dair cthey,11,"running paragraph text; paragraph or sequence ending; 11 normalized token groups. cheodaiin: productive ending family; chekeey: productive ending family; s: broad high-frequency form. within-line repetition: s, ar. no English lexical value established.",Moderate for form and position; zero validated English semantics,Mark the central light along the eastern arc; compare it with the lower crossing at the month's turning.,Creative reconstruction; not a decipherment or translation,"An astronomical foldout surface dominated by lunar imagery, concentric circles, radial structure, and circular writing.",pilot-0.1.0
f67r1,A,Astronomical,f67r1.5,@Cc,C,<!00:00>soairol.shdy.chokeody.ykeedal.ol.oteodaiin.cho{ikh}edy.ot.chteokaiin.choteedy.otor.epchy.chpar.ar.sheees.deedy.soeteed.octheey.s.o.eokeot.y.choteoky.chockhy.okees.sor.aiin.daram.schdes.chdar.dar.dchschdy.dar.dar.ar.otardar.ykaros,[note: 00:00] soairol shdy chokeody ykeedal ol oteodaiin cho{ikh}edy ot chteokaiin choteedy otor epchy chpar ar sheees deedy soeteed octheey s o eokeot y choteoky chockhy okees sor aiin daram schdes chdar dar dchschdy dar dar ar otardar ykaros,soairol shdy chokeody ykeedal ol oteodaiin choikhedy ot chteokaiin choteedy otor epchy chpar ar sheees deedy soeteed octheey s o eokeot y choteoky chockhy okees sor aiin daram schdes chdar dar dchschdy dar dar ar otardar ykaros,37,"circular text; paragraph opening; 37 normalized token groups. shdy: productive ending family; chokeody: productive ending family; ol: broad high-frequency form. within-line repetition: ar, dar. no English lexical value established.",Moderate for form and position; zero validated English semantics,Mark the interval between signs along the outermost circuit; compare it with the opposing point at the closing of the cycle.,Creative reconstruction; not a decipherment or translation,"An astronomical foldout surface dominated by lunar imagery, concentric circles, radial structure, and circular writing.",pilot-0.1.0
f67r1,A,Astronomical,f67r1.6,+Cc,C,"<!00:00>dair.al.cheol.dal.oekaiin.sol.daiin.eetees.saiin.ykeos.l.chy.otodaiin.chetejy.otar.dair.ar.chedar.okeedy.ot[e:i]odaiin.ychsy.chekeey.ot.dol.al.cheor.okeo,r.oiin.cheeky.ary.okeo,keds.oshey.shchey.chol.dair.dain.cho.dar.aldy",[note: 00:00] dair al cheol dal oekaiin sol daiin eetees saiin ykeos l chy otodaiin chetejy otar dair ar chedar okeedy ot[e:i]odaiin ychsy chekeey ot dol al cheor okeo [?break] r oiin cheeky ary okeo [?break] keds oshey shchey chol dair dain cho dar aldy,dair al cheol dal oekaiin sol daiin eetees saiin ykeos l chy otodaiin chetejy otar dair ar chedar okeedy oteodaiin ychsy chekeey ot dol al cheor okeo r oiin cheeky ary okeo keds oshey shchey chol dair dain cho dar aldy,41,"circular text; continuation; 41 normalized token groups. dair: broad high-frequency form; al: broad high-frequency form; cheol: broad high-frequency form. within-line repetition: dair, al, okeo. no English lexical value established.",Moderate for form and position; zero validated English semantics,Compare the interval between signs along the inner course; compare it with the marked division at the month's turning.,Creative reconstruction; not a decipherment or translation,"An astronomical foldout surface dominated by lunar imagery, concentric circles, radial structure, and circular writing.",pilot-0.1.0
f67r1,A,Astronomical,f67r1.7,+Cc,C,"<!00:00>archeo,r.qoikeey.oteeos.cheockhey.oteochedy.okechdar.dararal.okeorar.sotey.dair.yteey.oteo.s.oteees.oteo.otee[s:e']y.sheokeey.oteodal.chokeed.sar.ain.y<!subscript>.oto.keedais.deeety.okeey.teodain.chekchy.dair.chparam",[note: 00:00] archeo [?break] r qoikeey oteeos cheockhey oteochedy okechdar dararal okeorar sotey dair yteey oteo s oteees oteo otee[s:e']y sheokeey oteodal chokeed sar ain y [note: subscript] oto keedais deeety okeey teodain chekchy dair chparam,archeo r qoikeey oteeos cheockhey oteochedy okechdar dararal okeorar sotey dair yteey oteo s oteees oteo oteesy sheokeey oteodal chokeed sar ain y oto keedais deeety okeey teodain chekchy dair chparam,31,"circular text; continuation; 31 normalized token groups. r: broad high-frequency form; qoikeey: productive qo- family; oteeos: recurrent form. within-line repetition: dair, oteo. no English lexical value established.",Moderate for form and position; zero validated English semantics,Observe the outer ring along the divided band; compare it with the opposing point when the light increases.,Creative reconstruction; not a decipherment or translation,"An astronomical foldout surface dominated by lunar imagery, concentric circles, radial structure, and circular writing.",pilot-0.1.0
f67r1,A,Astronomical,f67r1.8,@Ri,R,otaldy,otaldy,otaldy,1,radial text; paragraph opening; 1 normalized token group. otaldy: productive ending family. no English lexical value established.,Moderate for form and position; zero validated English semantics,"Label: The Central Enclosure, toward the outer wall.",Creative reconstruction; not a decipherment or translation,"An astronomical foldout surface dominated by lunar imagery, concentric circles, radial structure, and circular writing.",pilot-0.1.0
f67r1,A,Astronomical,f67r1.9,@Ri,R,otoky,otoky,otoky,1,radial text; paragraph opening; 1 normalized token group. otoky: recurrent form. no English lexical value established.,Moderate for form and position; zero validated English semantics,"Label: The Inner Rosette, toward the outer wall.",Creative reconstruction; not a decipherment or translation,"An astronomical foldout surface dominated by lunar imagery, concentric circles, radial structure, and circular writing.",pilot-0.1.0
f67r1,A,Astronomical,f67r1.10,@Ri,R,seeaiir,seeaiir,seeaiir,1,radial text; paragraph opening; 1 normalized token group. no English lexical value established.,Moderate for form and position; zero validated English semantics,"Label: The Central Enclosure, toward the eastern tower.",Creative reconstruction; not a decipherment or translation,"An astronomical foldout surface dominated by lunar imagery, concentric circles, radial structure, and circular writing.",pilot-0.1.0
f67r1,A,Astronomical,f67r1.11,@Ri,R,ykees.ary,ykees ary,ykees ary,2,radial text; paragraph opening; 2 normalized token groups. ykees: recurrent form; ary: line-final tendency. no English lexical value established.,Moderate for form and position; zero validated English semantics,"Label: The Inner Rosette, toward the northern rosette.",Creative reconstruction; not a decipherment or translation,"An astronomical foldout surface dominated by lunar imagery, concentric circles, radial structure, and circular writing.",pilot-0.1.0
f67r1,A,Astronomical,f67r1.12,@Ri,R,sosaiir,sosaiir,sosaiir,1,radial text; paragraph opening; 1 normalized token group. no English lexical value established.,Moderate for form and position; zero validated English semantics,"Label: The Inner Rosette, toward the eastern tower.",Creative reconstruction; not a decipherment or translation,"An astronomical foldout surface dominated by lunar imagery, concentric circles, radial structure, and circular writing.",pilot-0.1.0
f67r1,A,Astronomical,f67r1.13,@Ri,R,oteey.dar,oteey dar,oteey dar,2,radial text; paragraph opening; 2 normalized token groups. oteey: broad high-frequency form; dar: broad high-frequency form. no English lexical value established.,Moderate for form and position; zero validated English semantics,"Label: The Inner Rosette, toward the northern rosette.",Creative reconstruction; not a decipherment or translation,"An astronomical foldout surface dominated by lunar imagery, concentric circles, radial structure, and circular writing.",pilot-0.1.0
f67r1,A,Astronomical,f67r1.14,@Ri,R,"yto,daiir",yto [?break] daiir,yto daiir,2,radial text; paragraph opening; 2 normalized token groups. yto: recurrent form; daiir: line-initial tendency. no English lexical value established.,Moderate for form and position; zero validated English semantics,"Label: The Enclosed Field, toward the eastern tower.",Creative reconstruction; not a decipherment or translation,"An astronomical foldout surface dominated by lunar imagery, concentric circles, radial structure, and circular writing.",pilot-0.1.0
f67r1,A,Astronomical,f67r1.15,@Ri,R,sheosam,sheosam,sheosam,1,radial text; paragraph opening; 1 normalized token group. no English lexical value established.,Moderate for form and position; zero validated English semantics,"Label: The Enclosed Field, toward the western circle.",Creative reconstruction; not a decipherment or translation,"An astronomical foldout surface dominated by lunar imagery, concentric circles, radial structure, and circular writing.",pilot-0.1.0
f67r1,A,Astronomical,f67r1.16,@Ri,R,ykeeody,ykeeody,ykeeody,1,radial text; paragraph opening; 1 normalized token group. ykeeody: line-initial tendency. no English lexical value established.,Moderate for form and position; zero validated English semantics,"Label: The Central Enclosure, toward the western circle.",Creative reconstruction; not a decipherment or translation,"An astronomical foldout surface dominated by lunar imagery, concentric circles, radial structure, and circular writing.",pilot-0.1.0
f67r1,A,Astronomical,f67r1.17,@Ri,R,okeol.sal,okeol sal,okeol sal,2,radial text; paragraph opening; 2 normalized token groups. okeol: recurrent form; sal: recurrent form. no English lexical value established.,Moderate for form and position; zero validated English semantics,"Label: The Inner Rosette, toward the lower field.",Creative reconstruction; not a decipherment or translation,"An astronomical foldout surface dominated by lunar imagery, concentric circles, radial structure, and circular writing.",pilot-0.1.0
f67r1,A,Astronomical,f67r1.18,@Ri,R,okeey.sar,okeey sar,okeey sar,2,radial text; paragraph opening; 2 normalized token groups. okeey: broad high-frequency form; sar: broad high-frequency form. no English lexical value established.,Moderate for form and position; zero validated English semantics,"Label: The Enclosed Field, toward the western circle.",Creative reconstruction; not a decipherment or translation,"An astronomical foldout surface dominated by lunar imagery, concentric circles, radial structure, and circular writing.",pilot-0.1.0
f67r1,A,Astronomical,f67r1.19,@Ri,R,dalary,dalary,dalary,1,radial text; paragraph opening; 1 normalized token group. no English lexical value established.,Moderate for form and position; zero validated English semantics,"Label: The Middle Gate, toward the northern rosette.",Creative reconstruction; not a decipherment or translation,"An astronomical foldout surface dominated by lunar imagery, concentric circles, radial structure, and circular writing.",pilot-0.1.0
f70r2,C,Cosmological,f70r2.1,@P1,P,<%>otchey.sheol.chkey.shep.al.r.ar.chly.sheteal.aram,otchey sheol chkey shep al r ar chly sheteal aram,otchey sheol chkey shep al r ar chly sheteal aram,10,running paragraph text; paragraph opening; 10 normalized token groups. otchey: productive ending family; sheol: broad high-frequency form; chkey: productive ending family. no English lexical value established.,Moderate for form and position; zero validated English semantics,"From the middle gate, trace the divided channel toward the eastern tower; join it to the first ring through the narrow gate.",Creative reconstruction; not a decipherment or translation,"A cosmological diagram with a central face, rings of text, and eight surrounding lozenge-like forms.",pilot-0.1.0
f70r2,C,Cosmological,f70r2.2,+P1,P,"dair,cheey.s,cheotey.dshy.dam.chchet.al.yke{c'}y",dair [?break] cheey s [?break] cheotey dshy dam chchet al yke{c'}y,dair cheey s cheotey dshy dam chchet al ykecy,9,running paragraph text; continuation; 9 normalized token groups. dair: broad high-frequency form; cheey: broad high-frequency form; s: broad high-frequency form. no English lexical value established.,Moderate for form and position; zero validated English semantics,"From the marked face, turn the outer circuit toward the outer wall; join it to the returning path at the marked opening.",Creative reconstruction; not a decipherment or translation,"A cosmological diagram with a central face, rings of text, and eight surrounding lozenge-like forms.",pilot-0.1.0
f70r2,C,Cosmological,f70r2.3,+P1,P,"ykeeo.y.s.ald.shey.cthy.shekey.qokal,aiir.oteog",ykeeo y s ald shey cthy shekey qokal [?break] aiir oteog,ykeeo y s ald shey cthy shekey qokal aiir oteog,10,running paragraph text; continuation; 10 normalized token groups. ykeeo: recurrent form; y: broad high-frequency form; s: broad high-frequency form. no English lexical value established.,Moderate for form and position; zero validated English semantics,"From the middle gate, trace the outer circuit toward the western circle; join it to the eightfold division at the marked opening.",Creative reconstruction; not a decipherment or translation,"A cosmological diagram with a central face, rings of text, and eight surrounding lozenge-like forms.",pilot-0.1.0
f70r2,C,Cosmological,f70r2.4,+P1,P,daiin.okeey.shoaiin.{ckhh}ey.otal.shshy.tal.dam,daiin okeey shoaiin {ckhh}ey otal shshy tal dam,daiin okeey shoaiin ckhhey otal shshy tal dam,8,running paragraph text; continuation; 8 normalized token groups. daiin: broad high-frequency form; okeey: broad high-frequency form; shoaiin: productive ending family. no English lexical value established.,Moderate for form and position; zero validated English semantics,"From the inner rosette, carry the divided channel toward the lower field; join it to the encircling band at the marked opening.",Creative reconstruction; not a decipherment or translation,"A cosmological diagram with a central face, rings of text, and eight surrounding lozenge-like forms.",pilot-0.1.0
f70r2,C,Cosmological,f70r2.5,+P1,P,tal.cheeog.dal.chcthy.qotal.ddl[a:o]r.chal.dal,tal cheeog dal chcthy qotal ddl[a:o]r chal dal,tal cheeog dal chcthy qotal ddlar chal dal,8,running paragraph text; continuation; 8 normalized token groups. tal: recurrent form; dal: broad high-frequency form; chcthy: broad high-frequency form. within-line repetition: dal. no English lexical value established.,Moderate for form and position; zero validated English semantics,"From the inner rosette, carry the divided channel toward the eastern tower; join it to the encircling band beside the repeated sign.",Creative reconstruction; not a decipherment or translation,"A cosmological diagram with a central face, rings of text, and eight surrounding lozenge-like forms.",pilot-0.1.0
f70r2,C,Cosmological,f70r2.6,+P1,P,ytar.ar.al.yol.al.aloees.ytaiir.otaldal,ytar ar al yol al aloees ytaiir otaldal,ytar ar al yol al aloees ytaiir otaldal,8,running paragraph text; continuation; 8 normalized token groups. ytar: recurrent form; ar: broad high-frequency form; al: broad high-frequency form. within-line repetition: al. no English lexical value established.,Moderate for form and position; zero validated English semantics,"From the enclosed field, turn the outer circuit toward the lower field; join it to the first ring beside the repeated sign.",Creative reconstruction; not a decipherment or translation,"A cosmological diagram with a central face, rings of text, and eight surrounding lozenge-like forms.",pilot-0.1.0
f70r2,C,Cosmological,f70r2.7,+P1,P,daiin.daiin.she.tal.qokal.chol{ckhh}y.dy,daiin daiin she tal qokal chol{ckhh}y dy,daiin daiin she tal qokal cholckhhy dy,7,running paragraph text; continuation; 7 normalized token groups. daiin: broad high-frequency form; she: recurrent form; tal: recurrent form. within-line repetition: daiin. no English lexical value established.,Moderate for form and position; zero validated English semantics,"From the inner rosette, carry the narrow road toward the outer wall; join it to the first ring at the marked opening.",Creative reconstruction; not a decipherment or translation,"A cosmological diagram with a central face, rings of text, and eight surrounding lozenge-like forms.",pilot-0.1.0
f70r2,C,Cosmological,f70r2.8,+P1,P,ytals.alal.dalam.dal.cthol.oparam,ytals alal dalam dal cthol oparam,ytals alal dalam dal cthol oparam,6,running paragraph text; continuation; 6 normalized token groups. alal: recurrent form; dalam: recurrent form; dal: broad high-frequency form. no English lexical value established.,Moderate for form and position; zero validated English semantics,"From the central enclosure, measure the narrow road toward the western circle; join it to the outer medallion at the marked opening.",Creative reconstruction; not a decipherment or translation,"A cosmological diagram with a central face, rings of text, and eight surrounding lozenge-like forms.",pilot-0.1.0
f70r2,C,Cosmological,f70r2.9,+P1,P,"dolshol.shol.shol.sho{cthh}y.dalal,y",dolshol shol shol sho{cthh}y dalal [?break] y,dolshol shol shol shocthhy dalal y,6,running paragraph text; continuation; 6 normalized token groups. shol: broad high-frequency form; dalal: recurrent form; y: broad high-frequency form. within-line repetition: shol. no English lexical value established.,Moderate for form and position; zero validated English semantics,"From the inner rosette, measure the spiral course toward the outer wall; join it to the returning path at the final division.",Creative reconstruction; not a decipherment or translation,"A cosmological diagram with a central face, rings of text, and eight surrounding lozenge-like forms.",pilot-0.1.0
f70r2,C,Cosmological,f70r2.10,+P1,P,"shokal.chol,kshody.tol.cheey.okal",shokal chol [?break] kshody tol cheey okal,shokal chol kshody tol cheey okal,6,running paragraph text; continuation; 6 normalized token groups. shokal: recurrent form; chol: broad high-frequency form; kshody: productive ending family. no English lexical value established.,Moderate for form and position; zero validated English semantics,"From the marked face, follow the divided channel toward the western circle; join it to the outer medallion at the final division.",Creative reconstruction; not a decipherment or translation,"A cosmological diagram with a central face, rings of text, and eight surrounding lozenge-like forms.",pilot-0.1.0
f70r2,C,Cosmological,f70r2.11,+P1,P,daiin.chotal.qokal.chol.chotals,daiin chotal qokal chol chotals,daiin chotal qokal chol chotals,5,running paragraph text; continuation; 5 normalized token groups. daiin: broad high-frequency form; chotal: recurrent form; qokal: broad high-frequency form. no English lexical value established.,Moderate for form and position; zero validated English semantics,"From the inner rosette, join the bridged passage toward the outer wall; join it to the eightfold division at the marked opening.",Creative reconstruction; not a decipherment or translation,"A cosmological diagram with a central face, rings of text, and eight surrounding lozenge-like forms.",pilot-0.1.0
f70r2,C,Cosmological,f70r2.12,+P1,P,qokal.shkal.dal.shy.qokal.chdy,qokal shkal dal shy qokal chdy,qokal shkal dal shy qokal chdy,6,running paragraph text; continuation; 6 normalized token groups. qokal: broad high-frequency form; dal: broad high-frequency form; shy: broad high-frequency form. within-line repetition: qokal. no English lexical value established.,Moderate for form and position; zero validated English semantics,"From the inner rosette, carry the divided channel toward the western circle; join it to the first ring without crossing the inner band.",Creative reconstruction; not a decipherment or translation,"A cosmological diagram with a central face, rings of text, and eight surrounding lozenge-like forms.",pilot-0.1.0
f70r2,C,Cosmological,f70r2.13,+P1,P,"qotal,che,y.key.okechy.chdy.cham",qotal [?break] che [?break] y key okechy chdy cham,qotal che y key okechy chdy cham,7,running paragraph text; continuation; 7 normalized token groups. qotal: productive qo- family; che: recurrent form; y: broad high-frequency form. no English lexical value established.,Moderate for form and position; zero validated English semantics,"From the central enclosure, turn the bridged passage toward the outer wall; join it to the eightfold division without crossing the inner band.",Creative reconstruction; not a decipherment or translation,"A cosmological diagram with a central face, rings of text, and eight surrounding lozenge-like forms.",pilot-0.1.0
f70r2,C,Cosmological,f70r2.14,+P1,P,okaiin.ch{cthh}y.s.or.ary<$>,okaiin ch{cthh}y s or ary,okaiin chcthhy s or ary,5,running paragraph text; paragraph or sequence ending; 5 normalized token groups. okaiin: broad high-frequency form; chcthhy: recurrent form; s: broad high-frequency form. no English lexical value established.,Moderate for form and position; zero validated English semantics,"From the enclosed field, carry the outer circuit toward the northern rosette; join it to the first ring through the narrow gate.",Creative reconstruction; not a decipherment or translation,"A cosmological diagram with a central face, rings of text, and eight surrounding lozenge-like forms.",pilot-0.1.0
f70r2,C,Cosmological,f70r2.15,@Cc,C,"<!10:00>sal.air.am.shedy.chokal.cho{ikh}y.shokeey.choky.chol.dy.okeeal.o,teedy.dgr.dair,aiin.okees.okeear.ar,alekeey.ar,kam.oteoodalry.chekeoar.chokey.dar.dcheoky.otai.do{ith}y.dair.otchetchar.okear.okeeo.lal.kch[g:?].okar.ar,dar",[note: 10:00] sal air am shedy chokal cho{ikh}y shokeey choky chol dy okeeal o [?break] teedy dgr dair [?break] aiin okees okeear ar [?break] alekeey ar [?break] kam oteoodalry chekeoar chokey dar dcheoky otai do{ith}y dair otchetchar okear okeeo lal kch[g:?] okar ar [?break] dar,sal air am shedy chokal choikhy shokeey choky chol dy okeeal o teedy dgr dair aiin okees okeear ar alekeey ar kam oteoodalry chekeoar chokey dar dcheoky otai doithy dair otchetchar okear okeeo lal kchg okar ar dar,38,"circular text; paragraph opening; 38 normalized token groups. sal: recurrent form; air: broad high-frequency form; am: broad high-frequency form. within-line repetition: dair, ar, dar. no English lexical value established.",Moderate for form and position; zero validated English semantics,"From the inner rosette, carry the divided channel toward the western circle; join it to the encircling band through the narrow gate.",Creative reconstruction; not a decipherment or translation,"A cosmological diagram with a central face, rings of text, and eight surrounding lozenge-like forms.",pilot-0.1.0
f70r2,C,Cosmological,f70r2.16,+Cc,C,"<!10:00>otar.ar.chedal.oaral.aldaiin.ykeeedaiis.sheo.l,dar.chol.ykees.aiir,dl.cheey.[s:r]keeod.oteeodar.aiin.aral.daiir.sheedal.sheodaiin.choar.chol.chot[e:i]oly.cho.oteey.chotey.choeky.chedy.choteosam.oteodar.o{ckhh}",[note: 10:00] otar ar chedal oaral aldaiin ykeeedaiis sheo l [?break] dar chol ykees aiir [?break] dl cheey [s:r]keeod oteeodar aiin aral daiir sheedal sheodaiin choar chol chot[e:i]oly cho oteey chotey choeky chedy choteosam oteodar o{ckhh},otar ar chedal oaral aldaiin ykeeedaiis sheo l dar chol ykees aiir dl cheey skeeod oteeodar aiin aral daiir sheedal sheodaiin choar chol choteoly cho oteey chotey choeky chedy choteosam oteodar ockhh,32,circular text; continuation; 32 normalized token groups. otar: broad high-frequency form; ar: broad high-frequency form; chedal: recurrent form. within-line repetition: chol. no English lexical value established.,Moderate for form and position; zero validated English semantics,"From the central enclosure, turn the divided channel toward the outer wall; join it to the outer medallion beside the repeated sign.",Creative reconstruction; not a decipherment or translation,"A cosmological diagram with a central face, rings of text, and eight surrounding lozenge-like forms.",pilot-0.1.0
f70r2,C,Cosmological,f70r2.17,+Cc,C,"<!09:15>oches,air.chese.ctheey.sheeody.shopcho.yteody.ykaldy.oteeos.aiin.sh[e:?]y.shee.farar.aim.cheoteeodal.sho.choetchaldy.dal.aiir,ches.otesar.dalol.chtam.opaiir.chokeo.oteedy.oteeo.okol.chotal.otol,al.dl",[note: 09:15] oches [?break] air chese ctheey sheeody shopcho yteody ykaldy oteeos aiin sh[e:?]y shee farar aim cheoteeodal sho choetchaldy dal aiir [?break] ches otesar dalol chtam opaiir chokeo oteedy oteeo okol chotal otol [?break] al dl,oches air chese ctheey sheeody shopcho yteody ykaldy oteeos aiin shey shee farar aim cheoteeodal sho choetchaldy dal aiir ches otesar dalol chtam opaiir chokeo oteedy oteeo okol chotal otol al dl,32,circular text; continuation; 32 normalized token groups. air: broad high-frequency form; ctheey: productive ending family; sheeody: productive ending family. no English lexical value established.,Moderate for form and position; zero validated English semantics,"From the inner rosette, carry the bridged passage toward the eastern tower; join it to the eightfold division through the narrow gate.",Creative reconstruction; not a decipherment or translation,"A cosmological diagram with a central face, rings of text, and eight surrounding lozenge-like forms.",pilot-0.1.0
f70r2,C,Cosmological,f70r2.18,+Cc,C,"<!09:15>otoy.ar,arodchedy.cheocphey.oteeos.ees.cheal.sheeey.okeedaly.cheeoekey.yk[ee:ei]d[{cr}:ar].oteey.s.al.s.air.oteody.oteody.dar.aiir.ody.cheeos,chey.daiin.otoeeseor.air.chedy.okodar.al.sho.chotol.dal,dy",[note: 09:15] otoy ar [?break] arodchedy cheocphey oteeos ees cheal sheeey okeedaly cheeoekey yk[ee:ei]d[{cr}:ar] oteey s al s air oteody oteody dar aiir ody cheeos [?break] chey daiin otoeeseor air chedy okodar al sho chotol dal [?break] dy,otoy ar arodchedy cheocphey oteeos ees cheal sheeey okeedaly cheeoekey ykeed cr ar oteey s al s air oteody oteody dar aiir ody cheeos chey daiin otoeeseor air chedy okodar al sho chotol dal dy,35,"circular text; continuation; 35 normalized token groups. otoy: recurrent form; ar: broad high-frequency form; arodchedy: productive ending family. within-line repetition: ar, s, al. no English lexical value established.",Moderate for form and position; zero validated English semantics,"From the central enclosure, turn the narrow road toward the western circle; join it to the encircling band beside the repeated sign.",Creative reconstruction; not a decipherment or translation,"A cosmological diagram with a central face, rings of text, and eight surrounding lozenge-like forms.",pilot-0.1.0
f70r2,C,Cosmological,f70r2.19,@Cc,C,"<!12:00>oteesy.ol,chy.oteo.sal.ol.keey.oteol.choky.otcho[sh:ch]a",[note: 12:00] oteesy ol [?break] chy oteo sal ol keey oteol choky otcho[sh:ch]a,oteesy ol chy oteo sal ol keey oteol choky otchosha,10,circular text; paragraph opening; 10 normalized token groups. ol: broad high-frequency form; chy: broad high-frequency form; oteo: recurrent form. within-line repetition: ol. no English lexical value established.,Moderate for form and position; zero validated English semantics,"From the enclosed field, join the outer circuit toward the lower field; join it to the encircling band without crossing the inner band.",Creative reconstruction; not a decipherment or translation,"A cosmological diagram with a central face, rings of text, and eight surrounding lozenge-like forms.",pilot-0.1.0
f70v2,Z,Zodiac,f70v2.1,@Cc,C,"<!10:30>okcheo.dar.otey.ykeey.tchy.otsheo.oteotey.she[y:o].shecth.opcheoldair.dateey.sal.ody.choteey.choeteedy.oteoteotsho.yteos.alain.sheodaly.{c@162;h}o.aiin.cholkal.chokear.oteody.cholaiin.oteeoal.al.sheeos.okey.chol,dy.otees.cho.s.ola[r:n].otoaiin.oteeody.sos.todaiin.chokain.otalal.oteeam",[note: 10:30] okcheo dar otey ykeey tchy otsheo oteotey she[y:o] shecth opcheoldair dateey sal ody choteey choeteedy oteoteotsho yteos alain sheodaly {c@162;h}o aiin cholkal chokear oteody cholaiin oteeoal al sheeos okey chol [?break] dy otees cho s ola[r:n] otoaiin oteeody sos todaiin chokain otalal oteeam,okcheo dar otey ykeey tchy otsheo oteotey shey shecth opcheoldair dateey sal ody choteey choeteedy oteoteotsho yteos alain sheodaly cxho aiin cholkal chokear oteody cholaiin oteeoal al sheeos okey chol dy otees cho s olar otoaiin oteeody sos todaiin chokain otalal oteeam,42,circular text; paragraph opening; 42 normalized token groups. dar: broad high-frequency form; otey: productive ending family; ykeey: productive ending family. no English lexical value established.,Moderate for form and position; zero validated English semantics,"Under the turning sign, observe the first station; place the named figure beside the inner ring.",Creative reconstruction; not a decipherment or translation,"A zodiac page centered on the paired fish associated with Pisces, surrounded by rings of figures, stars, and labels.",pilot-0.1.0
f70v2,Z,Zodiac,f70v2.2,@Lz,L,<!09:00>otalalg,[note: 09:00] otalalg,otalalg,1,isolated label or short inscription; paragraph opening; 1 normalized token group. no English lexical value established.,Moderate for form and position; zero validated English semantics,"Label: The Enclosed Field, toward the outer wall.",Creative reconstruction; not a decipherment or translation,"A zodiac page centered on the paired fish associated with Pisces, surrounded by rings of figures, stars, and labels.",pilot-0.1.0
f70v2,Z,Zodiac,f70v2.3,&Lz,L,<!10:00>ykary,[note: 10:00] ykary,ykary,1,isolated label or short inscription; continuation; 1 normalized token group. no English lexical value established.,Moderate for form and position; zero validated English semantics,"Label: The Enclosed Field, toward the northern rosette.",Creative reconstruction; not a decipherment or translation,"A zodiac page centered on the paired fish associated with Pisces, surrounded by rings of figures, stars, and labels.",pilot-0.1.0
f70v2,Z,Zodiac,f70v2.4,&Lz,L,<!10:30>otar?,[note: 10:30] otar?,otar,1,isolated label or short inscription; continuation; 1 normalized token group. otar: broad high-frequency form. no English lexical value established.,Moderate for form and position; zero validated English semantics,"Label: The Central Enclosure, toward the eastern tower.",Creative reconstruction; not a decipherment or translation,"A zodiac page centered on the paired fish associated with Pisces, surrounded by rings of figures, stars, and labels.",pilot-0.1.0
f70v2,Z,Zodiac,f70v2.5,&Lz,L,<!11:00>oty,[note: 11:00] oty,oty,1,isolated label or short inscription; continuation; 1 normalized token group. oty: broad high-frequency form. no English lexical value established.,Moderate for form and position; zero validated English semantics,"Label: The Enclosed Field, toward the northern rosette.",Creative reconstruction; not a decipherment or translation,"A zodiac page centered on the paired fish associated with Pisces, surrounded by rings of figures, stars, and labels.",pilot-0.1.0
f70v2,Z,Zodiac,f70v2.6,&Lz,L,<!11:30>oky.ody,[note: 11:30] oky ody,oky ody,2,isolated label or short inscription; continuation; 2 normalized token groups. oky: broad high-frequency form; ody: line-final tendency. no English lexical value established.,Moderate for form and position; zero validated English semantics,"Label: The Marked Face, toward the eastern tower.",Creative reconstruction; not a decipherment or translation,"A zodiac page centered on the paired fish associated with Pisces, surrounded by rings of figures, stars, and labels.",pilot-0.1.0
f70v2,Z,Zodiac,f70v2.7,&Lz,L,<!00:00>oty.ar,[note: 00:00] oty ar,oty ar,2,isolated label or short inscription; continuation; 2 normalized token groups. oty: broad high-frequency form; ar: broad high-frequency form. no English lexical value established.,Moderate for form and position; zero validated English semantics,"Label: The Enclosed Field, toward the lower field.",Creative reconstruction; not a decipherment or translation,"A zodiac page centered on the paired fish associated with Pisces, surrounded by rings of figures, stars, and labels.",pilot-0.1.0
f70v2,Z,Zodiac,f70v2.8,&Lz,L,<!00:30>okala,[note: 00:30] okala,okala,1,isolated label or short inscription; continuation; 1 normalized token group. no English lexical value established.,Moderate for form and position; zero validated English semantics,"Label: The Enclosed Field, toward the lower field.",Creative reconstruction; not a decipherment or translation,"A zodiac page centered on the paired fish associated with Pisces, surrounded by rings of figures, stars, and labels.",pilot-0.1.0
f70v2,Z,Zodiac,f70v2.9,&Lz,L,<!01:00>otody,[note: 01:00] otody,otody,1,isolated label or short inscription; continuation; 1 normalized token group. otody: productive ending family. no English lexical value established.,Moderate for form and position; zero validated English semantics,"Label: The Marked Face, toward the northern rosette.",Creative reconstruction; not a decipherment or translation,"A zodiac page centered on the paired fish associated with Pisces, surrounded by rings of figures, stars, and labels.",pilot-0.1.0
f70v2,Z,Zodiac,f70v2.10,&Lz,L,<!01:30>otald,[note: 01:30] otald,otald,1,isolated label or short inscription; continuation; 1 normalized token group. no English lexical value established.,Moderate for form and position; zero validated English semantics,"Label: The Middle Gate, toward the western circle.",Creative reconstruction; not a decipherment or translation,"A zodiac page centered on the paired fish associated with Pisces, surrounded by rings of figures, stars, and labels.",pilot-0.1.0
f70v2,Z,Zodiac,f70v2.11,&Lz,L,<!02:00>otaldar,[note: 02:00] otaldar,otaldar,1,isolated label or short inscription; continuation; 1 normalized token group. no English lexical value established.,Moderate for form and position; zero validated English semantics,"Label: The Middle Gate, toward the northern rosette.",Creative reconstruction; not a decipherment or translation,"A zodiac page centered on the paired fish associated with Pisces, surrounded by rings of figures, stars, and labels.",pilot-0.1.0
f70v2,Z,Zodiac,f70v2.12,&Lz,L,<!02:45>okody,[note: 02:45] okody,okody,1,isolated label or short inscription; continuation; 1 normalized token group. okody: line-initial tendency. no English lexical value established.,Moderate for form and position; zero validated English semantics,"Label: The Middle Gate, toward the lower field.",Creative reconstruction; not a decipherment or translation,"A zodiac page centered on the paired fish associated with Pisces, surrounded by rings of figures, stars, and labels.",pilot-0.1.0
f70v2,Z,Zodiac,f70v2.13,&Lz,L,<!03:15>opysam,[note: 03:15] opysam,opysam,1,isolated label or short inscription; continuation; 1 normalized token group. no English lexical value established.,Moderate for form and position; zero validated English semantics,"Label: The Middle Gate, toward the lower field.",Creative reconstruction; not a decipherment or translation,"A zodiac page centered on the paired fish associated with Pisces, surrounded by rings of figures, stars, and labels.",pilot-0.1.0
f70v2,Z,Zodiac,f70v2.14,&Lz,L,<!04:00>ch{ckhh}y,[note: 04:00] ch{ckhh}y,chckhhy,1,isolated label or short inscription; continuation; 1 normalized token group. chckhhy: recurrent form. no English lexical value established.,Moderate for form and position; zero validated English semantics,"Label: The Middle Gate, toward the outer wall.",Creative reconstruction; not a decipherment or translation,"A zodiac page centered on the paired fish associated with Pisces, surrounded by rings of figures, stars, and labels.",pilot-0.1.0
f70v2,Z,Zodiac,f70v2.15,&Lz,L,<!04:30>otaly,[note: 04:30] otaly,otaly,1,isolated label or short inscription; continuation; 1 normalized token group. otaly: line-initial tendency. no English lexical value established.,Moderate for form and position; zero validated English semantics,"Label: The Marked Face, toward the northern rosette.",Creative reconstruction; not a decipherment or translation,"A zodiac page centered on the paired fish associated with Pisces, surrounded by rings of figures, stars, and labels.",pilot-0.1.0
f70v2,Z,Zodiac,f70v2.16,&Lz,L,<!05:30>otal.arar,[note: 05:30] otal arar,otal arar,2,isolated label or short inscription; continuation; 2 normalized token groups. otal: broad high-frequency form; arar: line-final tendency. no English lexical value established.,Moderate for form and position; zero validated English semantics,"Label: The Marked Face, toward the northern rosette.",Creative reconstruction; not a decipherment or translation,"A zodiac page centered on the paired fish associated with Pisces, surrounded by rings of figures, stars, and labels.",pilot-0.1.0
f70v2,Z,Zodiac,f70v2.17,&Lz,L,<!06:30>otaldy,[note: 06:30] otaldy,otaldy,1,isolated label or short inscription; continuation; 1 normalized token group. otaldy: productive ending family. no English lexical value established.,Moderate for form and position; zero validated English semantics,"Label: The Central Enclosure, toward the outer wall.",Creative reconstruction; not a decipherment or translation,"A zodiac page centered on the paired fish associated with Pisces, surrounded by rings of figures, stars, and labels.",pilot-0.1.0
f70v2,Z,Zodiac,f70v2.18,&Lz,L,<!07:00>okeoly,[note: 07:00] okeoly,okeoly,1,isolated label or short inscription; continuation; 1 normalized token group. okeoly: recurrent form. no English lexical value established.,Moderate for form and position; zero validated English semantics,"Label: The Marked Face, toward the eastern tower.",Creative reconstruction; not a decipherment or translation,"A zodiac page centered on the paired fish associated with Pisces, surrounded by rings of figures, stars, and labels.",pilot-0.1.0
f70v2,Z,Zodiac,f70v2.19,&Lz,L,<!08:00>okydy,[note: 08:00] okydy,okydy,1,isolated label or short inscription; continuation; 1 normalized token group. okydy: productive ending family. no English lexical value established.,Moderate for form and position; zero validated English semantics,"Label: The Middle Gate, toward the western circle.",Creative reconstruction; not a decipherment or translation,"A zodiac page centered on the paired fish associated with Pisces, surrounded by rings of figures, stars, and labels.",pilot-0.1.0
f70v2,Z,Zodiac,f70v2.20,&Lz,L,<!08:30>okee[s:r],[note: 08:30] okee[s:r],okees,1,isolated label or short inscription; continuation; 1 normalized token group. okees: recurrent form. no English lexical value established.,Moderate for form and position; zero validated English semantics,"Label: The Middle Gate, toward the lower field.",Creative reconstruction; not a decipherment or translation,"A zodiac page centered on the paired fish associated with Pisces, surrounded by rings of figures, stars, and labels.",pilot-0.1.0
f70v2,Z,Zodiac,f70v2.21,@Cc,C,"<!09:00>daii@197;amdy.otar.am.aral.otair,chedaiin.oteey.dair.shchey.daiin.chalaly.oteody.chotol.chedy.oteotey.oteeeor,ar.alody.daiir.oteedar.oteey.teey.dalal.cheoltey.oteedy.sheeteey.?okeeol.ykeeos.shey.ykair.arar.alos",[note: 09:00] daii@197;amdy otar am aral otair [?break] chedaiin oteey dair shchey daiin chalaly oteody chotol chedy oteotey oteeeor [?break] ar alody daiir oteedar oteey teey dalal cheoltey oteedy sheeteey ?okeeol ykeeos shey ykair arar alos,daiixamdy otar am aral otair chedaiin oteey dair shchey daiin chalaly oteody chotol chedy oteotey oteeeor ar alody daiir oteedar oteey teey dalal cheoltey oteedy sheeteey okeeol ykeeos shey ykair arar alos,32,circular text; paragraph opening; 32 normalized token groups. daiixamdy: productive ending family; otar: broad high-frequency form; am: broad high-frequency form. within-line repetition: oteey. no English lexical value established.,Moderate for form and position; zero validated English semantics,"Under the watery house, compare the western position; place the named figure beside the next division.",Creative reconstruction; not a decipherment or translation,"A zodiac page centered on the paired fish associated with Pisces, surrounded by rings of figures, stars, and labels.",pilot-0.1.0
f70v2,Z,Zodiac,f70v2.22,@Lz,L,<!10:00>otar.am,[note: 10:00] otar am,otar am,2,isolated label or short inscription; paragraph opening; 2 normalized token groups. otar: broad high-frequency form; am: broad high-frequency form. no English lexical value established.,Moderate for form and position; zero validated English semantics,"Label: The Central Enclosure, toward the outer wall.",Creative reconstruction; not a decipherment or translation,"A zodiac page centered on the paired fish associated with Pisces, surrounded by rings of figures, stars, and labels.",pilot-0.1.0
f70v2,Z,Zodiac,f70v2.23,&Lz,L,"<!11:00>otar,al",[note: 11:00] otar [?break] al,otar al,2,isolated label or short inscription; continuation; 2 normalized token groups. otar: broad high-frequency form; al: broad high-frequency form. no English lexical value established.,Moderate for form and position; zero validated English semantics,"Label: The Central Enclosure, toward the lower field.",Creative reconstruction; not a decipherment or translation,"A zodiac page centered on the paired fish associated with Pisces, surrounded by rings of figures, stars, and labels.",pilot-0.1.0
f70v2,Z,Zodiac,f70v2.24,&Lz,L,<!00:00>otalar,[note: 00:00] otalar,otalar,1,isolated label or short inscription; continuation; 1 normalized token group. otalar: recurrent form. no English lexical value established.,Moderate for form and position; zero validated English semantics,"Label: The Enclosed Field, toward the western circle.",Creative reconstruction; not a decipherment or translation,"A zodiac page centered on the paired fish associated with Pisces, surrounded by rings of figures, stars, and labels.",pilot-0.1.0
f70v2,Z,Zodiac,f70v2.25,&Lz,L,<!01:30>otalam,[note: 01:30] otalam,otalam,1,isolated label or short inscription; continuation; 1 normalized token group. otalam: recurrent form. no English lexical value established.,Moderate for form and position; zero validated English semantics,"Label: The Marked Face, toward the lower field.",Creative reconstruction; not a decipherment or translation,"A zodiac page centered on the paired fish associated with Pisces, surrounded by rings of figures, stars, and labels.",pilot-0.1.0
f70v2,Z,Zodiac,f70v2.26,&Lz,L,<!03:00>dolaram,[note: 03:00] dolaram,dolaram,1,isolated label or short inscription; continuation; 1 normalized token group. no English lexical value established.,Moderate for form and position; zero validated English semantics,"Label: The Inner Rosette, toward the outer wall.",Creative reconstruction; not a decipherment or translation,"A zodiac page centered on the paired fish associated with Pisces, surrounded by rings of figures, stars, and labels.",pilot-0.1.0
f70v2,Z,Zodiac,f70v2.27,&Lz,L,<!04:00>okaram,[note: 04:00] okaram,okaram,1,isolated label or short inscription; continuation; 1 normalized token group. okaram: recurrent form. no English lexical value established.,Moderate for form and position; zero validated English semantics,"Label: The Central Enclosure, toward the outer wall.",Creative reconstruction; not a decipherment or translation,"A zodiac page centered on the paired fish associated with Pisces, surrounded by rings of figures, stars, and labels.",pilot-0.1.0
f70v2,Z,Zodiac,f70v2.28,&Lz,L,<!05:00>oteosal,[note: 05:00] oteosal,oteosal,1,isolated label or short inscription; continuation; 1 normalized token group. no English lexical value established.,Moderate for form and position; zero validated English semantics,"Label: The Enclosed Field, toward the northern rosette.",Creative reconstruction; not a decipherment or translation,"A zodiac page centered on the paired fish associated with Pisces, surrounded by rings of figures, stars, and labels.",pilot-0.1.0
f70v2,Z,Zodiac,f70v2.29,&Lz,L,<!06:30>salols,[note: 06:30] salols,salols,1,isolated label or short inscription; continuation; 1 normalized token group. no English lexical value established.,Moderate for form and position; zero validated English semantics,"Label: The Middle Gate, toward the outer wall.",Creative reconstruction; not a decipherment or translation,"A zodiac page centered on the paired fish associated with Pisces, surrounded by rings of figures, stars, and labels.",pilot-0.1.0
f70v2,Z,Zodiac,f70v2.30,&Lz,L,<!08:00>okaldal,[note: 08:00] okaldal,okaldal,1,isolated label or short inscription; continuation; 1 normalized token group. no English lexical value established.,Moderate for form and position; zero validated English semantics,"Label: The Middle Gate, toward the outer wall.",Creative reconstruction; not a decipherment or translation,"A zodiac page centered on the paired fish associated with Pisces, surrounded by rings of figures, stars, and labels.",pilot-0.1.0
f70v2,Z,Zodiac,f70v2.31,&Lz,L,<!09:00>ykolaiin,[note: 09:00] ykolaiin,ykolaiin,1,isolated label or short inscription; continuation; 1 normalized token group. ykolaiin: productive ending family. no English lexical value established.,Moderate for form and position; zero validated English semantics,"Label: The Marked Face, toward the lower field.",Creative reconstruction; not a decipherment or translation,"A zodiac page centered on the paired fish associated with Pisces, surrounded by rings of figures, stars, and labels.",pilot-0.1.0
f70v2,Z,Zodiac,f70v2.32,@Cc,C,"<!09:00>otal.daly.oteoal.dal,aildy.otaiin.ar.oteey.shal.o.qoteeal.ar.al.otaiin.al.teodaiin.oteeo,cthey.oteeos.oteos.aiin.daim",[note: 09:00] otal daly oteoal dal [?break] aildy otaiin ar oteey shal o qoteeal ar al otaiin al teodaiin oteeo [?break] cthey oteeos oteos aiin daim,otal daly oteoal dal aildy otaiin ar oteey shal o qoteeal ar al otaiin al teodaiin oteeo cthey oteeos oteos aiin daim,22,"circular text; paragraph opening; 22 normalized token groups. otal: broad high-frequency form; daly: line-final tendency; dal: broad high-frequency form. within-line repetition: otaiin, ar, al. no English lexical value established.",Moderate for form and position; zero validated English semantics,"Under the month's threshold, place the first station; place the standing figure beside the eastern point.",Creative reconstruction; not a decipherment or translation,"A zodiac page centered on the paired fish associated with Pisces, surrounded by rings of figures, stars, and labels.",pilot-0.1.0
f70v2,Z,Zodiac,f70v2.33,@Lz,L,otolal,otolal,otolal,1,isolated label or short inscription; paragraph opening; 1 normalized token group. no English lexical value established.,Moderate for form and position; zero validated English semantics,"Label: The Marked Face, toward the northern rosette.",Creative reconstruction; not a decipherment or translation,"A zodiac page centered on the paired fish associated with Pisces, surrounded by rings of figures, stars, and labels.",pilot-0.1.0
f75r,B,Biological / balneological,f75r.1,@P0,P,"<%>kchedykary<->okeey.qokar.shyk,chedy.qotar.shedy",kchedykary | okeey qokar shyk [?break] chedy qotar shedy,kchedykary okeey qokar shyk chedy qotar shedy,7,running paragraph text; paragraph opening; 7 normalized token groups. okeey: broad high-frequency form; qokar: broad high-frequency form; chedy: broad high-frequency form. no English lexical value established.,Moderate for form and position; zero validated English semantics,"Cool the heated water in the covered bath; let the bather remain while the flow remains steady, then retain the remaining liquid.",Creative reconstruction; not a decipherment or translation,"A biological or balneological page with two pool-like forms and fourteen human figures, conventionally called nymphs.",pilot-0.1.0
f75r,B,Biological / balneological,f75r.2,+P0,P,dain.shey.ly<->ssheol.qol{chh}dy.chedykar.chekeedy.ror,dain shey ly | ssheol qol{chh}dy chedykar chekeedy ror,dain shey ly ssheol qolchhdy chedykar chekeedy ror,8,running paragraph text; continuation; 8 normalized token groups. dain: broad high-frequency form; shey: broad high-frequency form; ly: line-final tendency. no English lexical value established.,Moderate for form and position; zero validated English semantics,"Draw the heated water in the lower pool; let the first figure remain while the flow remains steady, then close the channel.",Creative reconstruction; not a decipherment or translation,"A biological or balneological page with two pool-like forms and fourteen human figures, conventionally called nymphs.",pilot-0.1.0
f75r,B,Biological / balneological,f75r.3,+P0,P,qokain.chal<->orchey.qey.kain.sheeky.ltain.olkar.or,qokain chal | orchey qey kain sheeky ltain olkar or,qokain chal orchey qey kain sheeky ltain olkar or,9,running paragraph text; continuation; 9 normalized token groups. qokain: broad high-frequency form; chal: recurrent form; orchey: productive ending family. no English lexical value established.,Moderate for form and position; zero validated English semantics,"Warm the heated water in the upper basin; let the attendant remain until the water cools, then retain the remaining liquid.",Creative reconstruction; not a decipherment or translation,"A biological or balneological page with two pool-like forms and fourteen human figures, conventionally called nymphs.",pilot-0.1.0
f75r,B,Biological / balneological,f75r.4,+P0,P,dackhy.lkamo<->ykeey.lshey.kal.dy.shey.ok.shey.qokeedy,dackhy lkamo | ykeey lshey kal dy shey ok shey qokeedy,dackhy lkamo ykeey lshey kal dy shey ok shey qokeedy,10,running paragraph text; continuation; 10 normalized token groups. ykeey: productive ending family; lshey: productive ending family; kal: recurrent form. within-line repetition: shey. no English lexical value established.,Moderate for form and position; zero validated English semantics,"Draw the green water in the upper basin; let the seated woman remain for one interval, then move to the lower basin.",Creative reconstruction; not a decipherment or translation,"A biological or balneological page with two pool-like forms and fourteen human figures, conventionally called nymphs.",pilot-0.1.0
f75r,B,Biological / balneological,f75r.5,+P0,P,"shey,kar.chey<->ckhey.r.ain.ol.olsheedy.qokeey.qoky",shey [?break] kar chey | ckhey r ain ol olsheedy qokeey qoky,shey kar chey ckhey r ain ol olsheedy qokeey qoky,10,running paragraph text; continuation; 10 normalized token groups. shey: broad high-frequency form; kar: recurrent form; chey: broad high-frequency form. no English lexical value established.,Moderate for form and position; zero validated English semantics,"Draw the flowing infusion in the narrow channel; let the seated woman remain until the water cools, then rest before repeating.",Creative reconstruction; not a decipherment or translation,"A biological or balneological page with two pool-like forms and fourteen human figures, conventionally called nymphs.",pilot-0.1.0
f75r,B,Biological / balneological,f75r.6,+P0,P,pcheykeeor.olky<->dar.okey.qokain.chcthy.qokeedy.qoky,pcheykeeor olky | dar okey qokain chcthy qokeedy qoky,pcheykeeor olky dar okey qokain chcthy qokeedy qoky,8,running paragraph text; continuation; 8 normalized token groups. olky: line-final tendency; dar: broad high-frequency form; okey: productive ending family. no English lexical value established.,Moderate for form and position; zero validated English semantics,"Draw the heated water in the joined vessel; let the patient remain through the second measure, then move to the lower basin.",Creative reconstruction; not a decipherment or translation,"A biological or balneological page with two pool-like forms and fourteen human figures, conventionally called nymphs.",pilot-0.1.0
f75r,B,Biological / balneological,f75r.7,+P0,P,pchedy.qokshdy<->ytain.chedy.qokar.chy.lol.chedy.qoky,pchedy qokshdy | ytain chedy qokar chy lol chedy qoky,pchedy qokshdy ytain chedy qokar chy lol chedy qoky,9,running paragraph text; continuation; 9 normalized token groups. pchedy: line-initial tendency; qokshdy: productive qo- family; ytain: productive ending family. within-line repetition: chedy. no English lexical value established.,Moderate for form and position; zero validated English semantics,"Circulate the clear liquor in the covered bath; let the attendant remain until the water cools, then rinse with clear water.",Creative reconstruction; not a decipherment or translation,"A biological or balneological page with two pool-like forms and fourteen human figures, conventionally called nymphs.",pilot-0.1.0
f75r,B,Biological / balneological,f75r.8,+P0,P,sor.chey.qokardy<->dsheckhy.qokain.chckhy.lshedy.okeedy,sor chey qokardy | dsheckhy qokain chckhy lshedy okeedy,sor chey qokardy dsheckhy qokain chckhy lshedy okeedy,8,running paragraph text; continuation; 8 normalized token groups. sor: line-initial tendency; chey: broad high-frequency form; qokardy: productive qo- family. no English lexical value established.,Moderate for form and position; zero validated English semantics,"Circulate the clear liquor in the narrow channel; let the first figure remain through the second measure, then move to the lower basin.",Creative reconstruction; not a decipherment or translation,"A biological or balneological page with two pool-like forms and fourteen human figures, conventionally called nymphs.",pilot-0.1.0
f75r,B,Biological / balneological,f75r.9,+P0,P,qokchdy.chcthy.lo<->qokedy.qokan.checkhy.qokar.olchedy.sal,qokchdy chcthy lo | qokedy qokan checkhy qokar olchedy sal,qokchdy chcthy lo qokedy qokan checkhy qokar olchedy sal,9,running paragraph text; continuation; 9 normalized token groups. qokchdy: productive qo- family; chcthy: broad high-frequency form; lo: line-final tendency. no English lexical value established.,Moderate for form and position; zero validated English semantics,"Draw the flowing infusion in the covered bath; let the bather remain until the sign changes, then retain the remaining liquid.",Creative reconstruction; not a decipherment or translation,"A biological or balneological page with two pool-like forms and fourteen human figures, conventionally called nymphs.",pilot-0.1.0
f75r,B,Biological / balneological,f75r.10,+P0,P,dshor.qotar.chdy<->shey.qokain.chckhy.dy.otey.tedy.lchedy,dshor qotar chdy | shey qokain chckhy dy otey tedy lchedy,dshor qotar chdy shey qokain chckhy dy otey tedy lchedy,10,running paragraph text; continuation; 10 normalized token groups. dshor: line-initial tendency; qotar: productive qo- family; chdy: broad high-frequency form. no English lexical value established.,Moderate for form and position; zero validated English semantics,"Circulate the heated water in the lower pool; let the bather remain through the second measure, then move to the lower basin.",Creative reconstruction; not a decipherment or translation,"A biological or balneological page with two pool-like forms and fourteen human figures, conventionally called nymphs.",pilot-0.1.0
f75r,B,Biological / balneological,f75r.11,+P0,P,qokeedy.qokair.oly<->qokeedy.dy.qokal.okar.shedy.dor.chekam,qokeedy qokair oly | qokeedy dy qokal okar shedy dor chekam,qokeedy qokair oly qokeedy dy qokal okar shedy dor chekam,10,running paragraph text; continuation; 10 normalized token groups. qokeedy: broad high-frequency form; qokair: productive qo- family; oly: line-final tendency. within-line repetition: qokeedy. no English lexical value established.,Moderate for form and position; zero validated English semantics,"Draw the prepared bath in the lower pool; let the patient remain while the flow remains steady, then close the channel.",Creative reconstruction; not a decipherment or translation,"A biological or balneological page with two pool-like forms and fourteen human figures, conventionally called nymphs.",pilot-0.1.0
f75r,B,Biological / balneological,f75r.12,+P0,P,"ssheckhy.qokal.oly<->shey.r.ol.cheey.shey.dy,olshedy.qoky",ssheckhy qokal oly | shey r ol cheey shey dy [?break] olshedy qoky,ssheckhy qokal oly shey r ol cheey shey dy olshedy qoky,11,running paragraph text; continuation; 11 normalized token groups. qokal: broad high-frequency form; oly: line-final tendency; shey: broad high-frequency form. within-line repetition: shey. no English lexical value established.,Moderate for form and position; zero validated English semantics,"Warm the clear liquor in the lower pool; let the bather remain until the water cools, then rest before repeating.",Creative reconstruction; not a decipherment or translation,"A biological or balneological page with two pool-like forms and fourteen human figures, conventionally called nymphs.",pilot-0.1.0
f75r,B,Biological / balneological,f75r.13,+P0,P,pchedy.keedy.qokedy<->qokedy.qokedy.qokedy.qokain.olshedy,pchedy keedy qokedy | qokedy qokedy qokedy qokain olshedy,pchedy keedy qokedy qokedy qokedy qokedy qokain olshedy,8,running paragraph text; continuation; 8 normalized token groups. pchedy: line-initial tendency; keedy: productive ending family; qokedy: broad high-frequency form. within-line repetition: qokedy. no English lexical value established.,Moderate for form and position; zero validated English semantics,"Circulate the heated water in the lower pool; let the bather remain for one interval, then close the channel.",Creative reconstruction; not a decipherment or translation,"A biological or balneological page with two pool-like forms and fourteen human figures, conventionally called nymphs.",pilot-0.1.0
f75r,B,Biological / balneological,f75r.14,+P0,P,"sain.al,keishy.qokain,dy<->olshedy.qokain.chckhy.qokain.otar,aly",sain al [?break] keishy qokain [?break] dy | olshedy qokain chckhy qokain otar [?break] aly,sain al keishy qokain dy olshedy qokain chckhy qokain otar aly,11,running paragraph text; continuation; 11 normalized token groups. sain: line-initial tendency; al: broad high-frequency form; qokain: broad high-frequency form. within-line repetition: qokain. no English lexical value established.,Moderate for form and position; zero validated English semantics,"Draw the green water in the narrow channel; let the patient remain while the flow remains steady, then close the channel.",Creative reconstruction; not a decipherment or translation,"A biological or balneological page with two pool-like forms and fourteen human figures, conventionally called nymphs.",pilot-0.1.0
f75r,B,Biological / balneological,f75r.15,+P0,P,sain.qokain.qolkeeoly<->saiin.chedy<->sol.or.shedy.okchdy.qoky,sain qokain qolkeeoly | saiin chedy | sol or shedy okchdy qoky,sain qokain qolkeeoly saiin chedy sol or shedy okchdy qoky,10,running paragraph text; continuation; 10 normalized token groups. sain: line-initial tendency; qokain: broad high-frequency form; qolkeeoly: productive qo- family. no English lexical value established.,Moderate for form and position; zero validated English semantics,"Draw the heated water in the joined vessel; let the patient remain while the flow remains steady, then rest before repeating.",Creative reconstruction; not a decipherment or translation,"A biological or balneological page with two pool-like forms and fourteen human figures, conventionally called nymphs.",pilot-0.1.0
f75r,B,Biological / balneological,f75r.16,+P0,P,dshedy.qokar.sheedy.lch<->shokain.chy<->okshedy.qokain.chedy,dshedy qokar sheedy lch | shokain chy | okshedy qokain chedy,dshedy qokar sheedy lch shokain chy okshedy qokain chedy,9,running paragraph text; continuation; 9 normalized token groups. dshedy: line-initial tendency; qokar: broad high-frequency form; sheedy: productive ending family. no English lexical value established.,Moderate for form and position; zero validated English semantics,"Pour the flowing infusion in the joined vessel; let the attendant remain for one interval, then rinse with clear water.",Creative reconstruction; not a decipherment or translation,"A biological or balneological page with two pool-like forms and fourteen human figures, conventionally called nymphs.",pilot-0.1.0
f75r,B,Biological / balneological,f75r.17,+P0,P,"pchedar.shepchy.lshedary<->dal<->shal<->shy,kol.shedy.qokam",pchedar shepchy lshedary | dal | shal | shy [?break] kol shedy qokam,pchedar shepchy lshedary dal shal shy kol shedy qokam,9,running paragraph text; continuation; 9 normalized token groups. pchedar: line-initial tendency; shepchy: recurrent form; dal: broad high-frequency form. no English lexical value established.,Moderate for form and position; zero validated English semantics,"Cool the prepared bath in the lower pool; let the bather remain through the second measure, then rest before repeating.",Creative reconstruction; not a decipherment or translation,"A biological or balneological page with two pool-like forms and fourteen human figures, conventionally called nymphs.",pilot-0.1.0
f75r,B,Biological / balneological,f75r.18,+P0,P,sol.sheedy.qol.shedy.qol<->otain.char.sar.oly,sol sheedy qol shedy qol | otain char sar oly,sol sheedy qol shedy qol otain char sar oly,9,running paragraph text; continuation; 9 normalized token groups. sol: line-initial tendency; sheedy: productive ending family; qol: section-concentrated form. within-line repetition: qol. no English lexical value established.,Moderate for form and position; zero validated English semantics,"Pour the heated water in the narrow channel; let the attendant remain for one interval, then rest before repeating.",Creative reconstruction; not a decipherment or translation,"A biological or balneological page with two pool-like forms and fourteen human figures, conventionally called nymphs.",pilot-0.1.0
f75r,B,Biological / balneological,f75r.19,+P0,P,"qokshedy.qol,shey.qoky<->shey.{ith}ey.qokain.ar",qokshedy qol [?break] shey qoky | shey {ith}ey qokain ar,qokshedy qol shey qoky shey ithey qokain ar,8,running paragraph text; continuation; 8 normalized token groups. qokshedy: line-initial tendency; qol: section-concentrated form; shey: broad high-frequency form. within-line repetition: shey. no English lexical value established.,Moderate for form and position; zero validated English semantics,"Collect the clear liquor in the lower pool; let the seated woman remain until the sign changes, then rest before repeating.",Creative reconstruction; not a decipherment or translation,"A biological or balneological page with two pool-like forms and fourteen human figures, conventionally called nymphs.",pilot-0.1.0
f75r,B,Biological / balneological,f75r.20,+P0,P,"ry,shey.qor.chey.lchey,lo<->ydain.shey.qokain",ry [?break] shey qor chey lchey [?break] lo | ydain shey qokain,ry shey qor chey lchey lo ydain shey qokain,9,running paragraph text; continuation; 9 normalized token groups. ry: line-final tendency; shey: broad high-frequency form; qor: line-initial tendency. within-line repetition: shey. no English lexical value established.,Moderate for form and position; zero validated English semantics,"Warm the heated water in the narrow channel; let the bather remain until the water cools, then move to the lower basin.",Creative reconstruction; not a decipherment or translation,"A biological or balneological page with two pool-like forms and fourteen human figures, conventionally called nymphs.",pilot-0.1.0
f75r,B,Biological / balneological,f75r.21,+P0,P,oqokain.chey.qckhsy.or<->ysheor.ol.lor.am,oqokain chey qckhsy or | ysheor ol lor am,oqokain chey qckhsy or ysheor ol lor am,8,running paragraph text; continuation; 8 normalized token groups. oqokain: productive ending family; chey: broad high-frequency form; or: broad high-frequency form. no English lexical value established.,Moderate for form and position; zero validated English semantics,"Draw the clear liquor in the lower pool; let the first figure remain until the sign changes, then rest before repeating.",Creative reconstruction; not a decipherment or translation,"A biological or balneological page with two pool-like forms and fourteen human figures, conventionally called nymphs.",pilot-0.1.0
f75r,B,Biological / balneological,f75r.22,+P0,P,"odar,shey.qokain.chedy<->or,shey.kar.chedy,sar",odar [?break] shey qokain chedy | or [?break] shey kar chedy [?break] sar,odar shey qokain chedy or shey kar chedy sar,9,"running paragraph text; continuation; 9 normalized token groups. odar: recurrent form; shey: broad high-frequency form; qokain: broad high-frequency form. within-line repetition: shey, chedy. no English lexical value established.",Moderate for form and position; zero validated English semantics,"Circulate the heated water in the lower pool; let the attendant remain while the flow remains steady, then rest before repeating.",Creative reconstruction; not a decipherment or translation,"A biological or balneological page with two pool-like forms and fourteen human figures, conventionally called nymphs.",pilot-0.1.0
f75r,B,Biological / balneological,f75r.23,+P0,P,"pchey,kshey.qokeey.qokal<->sshey.qol.chedyqokam",pchey [?break] kshey qokeey qokal | sshey qol chedyqokam,pchey kshey qokeey qokal sshey qol chedyqokam,7,running paragraph text; continuation; 7 normalized token groups. pchey: productive ending family; kshey: productive ending family; qokeey: broad high-frequency form. no English lexical value established.,Moderate for form and position; zero validated English semantics,"Circulate the heated water in the narrow channel; let the bather remain while the flow remains steady, then close the channel.",Creative reconstruction; not a decipherment or translation,"A biological or balneological page with two pool-like forms and fourteen human figures, conventionally called nymphs.",pilot-0.1.0
f75r,B,Biological / balneological,f75r.24,+P0,P,qokain.olkeey.qolkary<->sain.checthy.lor.ol,qokain olkeey qolkary | sain checthy lor ol,qokain olkeey qolkary sain checthy lor ol,7,running paragraph text; continuation; 7 normalized token groups. qokain: broad high-frequency form; olkeey: productive ending family; qolkary: productive qo- family. no English lexical value established.,Moderate for form and position; zero validated English semantics,"Warm the green water in the lower pool; let the patient remain while the flow remains steady, then rest before repeating.",Creative reconstruction; not a decipherment or translation,"A biological or balneological page with two pool-like forms and fourteen human figures, conventionally called nymphs.",pilot-0.1.0
f75r,B,Biological / balneological,f75r.25,+P0,P,sain.shckhy.qokeedy.shy.dy<->qokeedy.lchedy.ram,sain shckhy qokeedy shy dy | qokeedy lchedy ram,sain shckhy qokeedy shy dy qokeedy lchedy ram,8,running paragraph text; continuation; 8 normalized token groups. sain: line-initial tendency; shckhy: recurrent form; qokeedy: broad high-frequency form. within-line repetition: qokeedy. no English lexical value established.,Moderate for form and position; zero validated English semantics,"Draw the green water in the lower pool; let the attendant remain while the flow remains steady, then move to the lower basin.",Creative reconstruction; not a decipherment or translation,"A biological or balneological page with two pool-like forms and fourteen human figures, conventionally called nymphs.",pilot-0.1.0
f75r,B,Biological / balneological,f75r.26,+P0,P,"dain.ol.sheol.dain.ol.qoly<->dar,ajy<$>",dain ol sheol dain ol qoly | dar [?break] ajy,dain ol sheol dain ol qoly dar ajy,8,"running paragraph text; paragraph or sequence ending; 8 normalized token groups. dain: broad high-frequency form; ol: broad high-frequency form; sheol: broad high-frequency form. within-line repetition: dain, ol. no English lexical value established.",Moderate for form and position; zero validated English semantics,"Draw the clear liquor in the covered bath; let the seated woman remain while the flow remains steady, then rinse with clear water.",Creative reconstruction; not a decipherment or translation,"A biological or balneological page with two pool-like forms and fourteen human figures, conventionally called nymphs.",pilot-0.1.0
f75r,B,Biological / balneological,f75r.27,+P0,P,<%>pdalshor.shtol.qoty.pshar.shedy.okaldy<->dar.otar.otody.dy.rol,pdalshor shtol qoty pshar shedy okaldy | dar otar otody dy rol,pdalshor shtol qoty pshar shedy okaldy dar otar otody dy rol,11,running paragraph text; continuation; 11 normalized token groups. qoty: broad high-frequency form; shedy: broad high-frequency form; okaldy: line-initial tendency. no English lexical value established.,Moderate for form and position; zero validated English semantics,"Cool the heated water in the lower pool; let the bather remain until the water cools, then rest before repeating.",Creative reconstruction; not a decipherment or translation,"A biological or balneological page with two pool-like forms and fourteen human figures, conventionally called nymphs.",pilot-0.1.0
f75r,B,Biological / balneological,f75r.28,+P0,P,tchedy.pchedy.qokeey.sol.oldair.shecthy.qol<->l.sheedy.qokeedy.lolchedy,tchedy pchedy qokeey sol oldair shecthy qol | l sheedy qokeedy lolchedy,tchedy pchedy qokeey sol oldair shecthy qol l sheedy qokeedy lolchedy,11,running paragraph text; continuation; 11 normalized token groups. tchedy: line-initial tendency; pchedy: line-initial tendency; qokeey: broad high-frequency form. no English lexical value established.,Moderate for form and position; zero validated English semantics,"Collect the clear liquor in the narrow channel; let the bather remain until the sign changes, then rest before repeating.",Creative reconstruction; not a decipherment or translation,"A biological or balneological page with two pool-like forms and fourteen human figures, conventionally called nymphs.",pilot-0.1.0
f75r,B,Biological / balneological,f75r.29,+P0,P,"dain.chkal.dy.lo,lkaiin.ol.okeedyqol.dain.olchey.qokeedy.chedy.qotan",dain chkal dy lo [?break] lkaiin ol okeedyqol dain olchey qokeedy chedy qotan,dain chkal dy lo lkaiin ol okeedyqol dain olchey qokeedy chedy qotan,12,running paragraph text; continuation; 12 normalized token groups. dain: broad high-frequency form; chkal: recurrent form; dy: broad high-frequency form. within-line repetition: dain. no English lexical value established.,Moderate for form and position; zero validated English semantics,"Draw the flowing infusion in the upper basin; let the attendant remain until the water cools, then rest before repeating.",Creative reconstruction; not a decipherment or translation,"A biological or balneological page with two pool-like forms and fourteen human figures, conventionally called nymphs.",pilot-0.1.0
f75r,B,Biological / balneological,f75r.30,+P0,P,"qo,dain.cheeky.qokey.qokain.cheky.qokal.dain.chedy.o,kalol,shedy.okar,olom",qo [?break] dain cheeky qokey qokain cheky qokal dain chedy o [?break] kalol [?break] shedy okar [?break] olom,qo dain cheeky qokey qokain cheky qokal dain chedy o kalol shedy okar olom,14,running paragraph text; continuation; 14 normalized token groups. qo: productive qo- family; dain: broad high-frequency form; cheeky: recurrent form. within-line repetition: dain. no English lexical value established.,Moderate for form and position; zero validated English semantics,"Collect the prepared bath in the covered bath; let the seated woman remain through the second measure, then rinse with clear water.",Creative reconstruction; not a decipherment or translation,"A biological or balneological page with two pool-like forms and fourteen human figures, conventionally called nymphs.",pilot-0.1.0
f75r,B,Biological / balneological,f75r.31,+P0,P,dshedy.qokey.chckhy.qokar.shedy.chey.qoked.qokedy.daldy<$>,dshedy qokey chckhy qokar shedy chey qoked qokedy daldy,dshedy qokey chckhy qokar shedy chey qoked qokedy daldy,9,running paragraph text; paragraph or sequence ending; 9 normalized token groups. dshedy: line-initial tendency; qokey: broad high-frequency form; chckhy: broad high-frequency form. no English lexical value established.,Moderate for form and position; zero validated English semantics,"Pour the prepared bath in the narrow channel; let the seated woman remain until the water cools, then move to the lower basin.",Creative reconstruction; not a decipherment or translation,"A biological or balneological page with two pool-like forms and fourteen human figures, conventionally called nymphs.",pilot-0.1.0
f75r,B,Biological / balneological,f75r.32,+P0,P,<%>polshy.dal.shedy.qokain.dar.chsdy.shedy.qotar.shedy.ldy,polshy dal shedy qokain dar chsdy shedy qotar shedy ldy,polshy dal shedy qokain dar chsdy shedy qotar shedy ldy,10,running paragraph text; continuation; 10 normalized token groups. polshy: recurrent form; dal: broad high-frequency form; shedy: broad high-frequency form. within-line repetition: shedy. no English lexical value established.,Moderate for form and position; zero validated English semantics,"Cool the green water in the covered bath; let the patient remain until the water cools, then rinse with clear water.",Creative reconstruction; not a decipherment or translation,"A biological or balneological page with two pool-like forms and fourteen human figures, conventionally called nymphs.",pilot-0.1.0
f75r,B,Biological / balneological,f75r.33,+P0,P,"qokeey.l,shedy.qo,l.chedy.qokain.chcthedy.ltedy.darom",qokeey l [?break] shedy qo [?break] l chedy qokain chcthedy ltedy darom,qokeey l shedy qo l chedy qokain chcthedy ltedy darom,10,running paragraph text; continuation; 10 normalized token groups. qokeey: broad high-frequency form; l: broad high-frequency form; shedy: broad high-frequency form. within-line repetition: l. no English lexical value established.,Moderate for form and position; zero validated English semantics,"Collect the clear liquor in the covered bath; let the seated woman remain while the flow remains steady, then rest before repeating.",Creative reconstruction; not a decipherment or translation,"A biological or balneological page with two pool-like forms and fourteen human figures, conventionally called nymphs.",pilot-0.1.0
f75r,B,Biological / balneological,f75r.34,+P0,P,"s,olkedy.okal.dar.oty.okar.otar.ol,kain.oltedy",s [?break] olkedy okal dar oty okar otar ol [?break] kain oltedy,s olkedy okal dar oty okar otar ol kain oltedy,10,running paragraph text; continuation; 10 normalized token groups. s: broad high-frequency form; olkedy: section-concentrated form; okal: broad high-frequency form. no English lexical value established.,Moderate for form and position; zero validated English semantics,"Draw the clear liquor in the upper basin; let the bather remain while the flow remains steady, then rinse with clear water.",Creative reconstruction; not a decipherment or translation,"A biological or balneological page with two pool-like forms and fourteen human figures, conventionally called nymphs.",pilot-0.1.0
f75r,B,Biological / balneological,f75r.35,+P0,P,qokain.sheety.qokain.dar.dar.shedy.qoka[in:r].oldy,qokain sheety qokain dar dar shedy qoka[in:r] oldy,qokain sheety qokain dar dar shedy qokain oldy,8,"running paragraph text; continuation; 8 normalized token groups. qokain: broad high-frequency form; sheety: section-concentrated form; dar: broad high-frequency form. within-line repetition: qokain, dar. no English lexical value established.",Moderate for form and position; zero validated English semantics,"Warm the prepared bath in the lower pool; let the bather remain until the water cools, then move to the lower basin.",Creative reconstruction; not a decipherment or translation,"A biological or balneological page with two pool-like forms and fourteen human figures, conventionally called nymphs.",pilot-0.1.0
f75r,B,Biological / balneological,f75r.36,+P0,P,sol.keedy.qokeedy.qokey.okar.otar.dardardy,sol keedy qokeedy qokey okar otar dardardy,sol keedy qokeedy qokey okar otar dardardy,7,running paragraph text; continuation; 7 normalized token groups. sol: line-initial tendency; keedy: productive ending family; qokeedy: broad high-frequency form. no English lexical value established.,Moderate for form and position; zero validated English semantics,"Pour the heated water in the lower pool; let the seated woman remain for one interval, then move to the lower basin.",Creative reconstruction; not a decipherment or translation,"A biological or balneological page with two pool-like forms and fourteen human figures, conventionally called nymphs.",pilot-0.1.0
f75r,B,Biological / balneological,f75r.37,+P0,P,qokedy.dy.sheety.qokedy.qokeedy.qokechdy.lol,qokedy dy sheety qokedy qokeedy qokechdy lol,qokedy dy sheety qokedy qokeedy qokechdy lol,7,running paragraph text; continuation; 7 normalized token groups. qokedy: broad high-frequency form; dy: broad high-frequency form; sheety: section-concentrated form. within-line repetition: qokedy. no English lexical value established.,Moderate for form and position; zero validated English semantics,"Warm the green water in the joined vessel; let the bather remain until the water cools, then rest before repeating.",Creative reconstruction; not a decipherment or translation,"A biological or balneological page with two pool-like forms and fourteen human figures, conventionally called nymphs.",pilot-0.1.0
f75r,B,Biological / balneological,f75r.38,+P0,P,qokeedy.qokeedy.qokedy.qokedy.qokeedy.ldy,qokeedy qokeedy qokedy qokedy qokeedy ldy,qokeedy qokeedy qokedy qokedy qokeedy ldy,6,"running paragraph text; continuation; 6 normalized token groups. qokeedy: broad high-frequency form; qokedy: broad high-frequency form; ldy: line-final tendency. within-line repetition: qokeedy, qokedy. no English lexical value established.",Moderate for form and position; zero validated English semantics,"Draw the green water in the lower pool; let the bather remain until the water cools, then close the channel.",Creative reconstruction; not a decipherment or translation,"A biological or balneological page with two pool-like forms and fourteen human figures, conventionally called nymphs.",pilot-0.1.0
f75r,B,Biological / balneological,f75r.39,+P0,P,yshedy.qokeedy.qokeedy.olkeedy.otey.koldy,yshedy qokeedy qokeedy olkeedy otey koldy,yshedy qokeedy qokeedy olkeedy otey koldy,6,running paragraph text; continuation; 6 normalized token groups. yshedy: productive ending family; qokeedy: broad high-frequency form; olkeedy: productive ending family. within-line repetition: qokeedy. no English lexical value established.,Moderate for form and position; zero validated English semantics,"Circulate the green water in the lower pool; let the first figure remain while the flow remains steady, then rest before repeating.",Creative reconstruction; not a decipherment or translation,"A biological or balneological page with two pool-like forms and fourteen human figures, conventionally called nymphs.",pilot-0.1.0
f75r,B,Biological / balneological,f75r.40,+P0,P,"dar.shedy.qokain.shedy.dal,keedy.rshedy",dar shedy qokain shedy dal [?break] keedy rshedy,dar shedy qokain shedy dal keedy rshedy,7,running paragraph text; continuation; 7 normalized token groups. dar: broad high-frequency form; shedy: broad high-frequency form; qokain: broad high-frequency form. within-line repetition: shedy. no English lexical value established.,Moderate for form and position; zero validated English semantics,"Draw the heated water in the lower pool; let the attendant remain while the flow remains steady, then retain the remaining liquid.",Creative reconstruction; not a decipherment or translation,"A biological or balneological page with two pool-like forms and fourteen human figures, conventionally called nymphs.",pilot-0.1.0
f75r,B,Biological / balneological,f75r.41,+P0,P,"sokeedy.qokeedy.oteedy.qoky.dy,keedy.sy",sokeedy qokeedy oteedy qoky dy [?break] keedy sy,sokeedy qokeedy oteedy qoky dy keedy sy,7,running paragraph text; continuation; 7 normalized token groups. sokeedy: productive ending family; qokeedy: broad high-frequency form; oteedy: broad high-frequency form. no English lexical value established.,Moderate for form and position; zero validated English semantics,"Warm the green water in the covered bath; let the seated woman remain while the flow remains steady, then retain the remaining liquid.",Creative reconstruction; not a decipherment or translation,"A biological or balneological page with two pool-like forms and fourteen human figures, conventionally called nymphs.",pilot-0.1.0
f75r,B,Biological / balneological,f75r.42,+P0,P,dshedy.qokedy.qokeedy.qoteey.qoteedy.d[o:a]r,dshedy qokedy qokeedy qoteey qoteedy d[o:a]r,dshedy qokedy qokeedy qoteey qoteedy dor,6,running paragraph text; continuation; 6 normalized token groups. dshedy: line-initial tendency; qokedy: broad high-frequency form; qokeedy: broad high-frequency form. no English lexical value established.,Moderate for form and position; zero validated English semantics,"Pour the flowing infusion in the lower pool; let the bather remain until the water cools, then rinse with clear water.",Creative reconstruction; not a decipherment or translation,"A biological or balneological page with two pool-like forms and fourteen human figures, conventionally called nymphs.",pilot-0.1.0
f75r,B,Biological / balneological,f75r.43,+P0,P,"yshedy.chekar.oldy.qokain.chkar.otar,oldy",yshedy chekar oldy qokain chkar otar [?break] oldy,yshedy chekar oldy qokain chkar otar oldy,7,running paragraph text; continuation; 7 normalized token groups. yshedy: productive ending family; chekar: recurrent form; oldy: line-final tendency. within-line repetition: oldy. no English lexical value established.,Moderate for form and position; zero validated English semantics,"Circulate the green water in the lower pool; let the patient remain while the flow remains steady, then move to the lower basin.",Creative reconstruction; not a decipherment or translation,"A biological or balneological page with two pool-like forms and fourteen human figures, conventionally called nymphs.",pilot-0.1.0
f75r,B,Biological / balneological,f75r.44,+P0,P,dchedy.sain.okedy.qokedy.otedy.okoldy.otar.otam.olaiin.ch<->dar.dy,dchedy sain okedy qokedy otedy okoldy otar otam olaiin ch | dar dy,dchedy sain okedy qokedy otedy okoldy otar otam olaiin ch dar dy,12,running paragraph text; continuation; 12 normalized token groups. dchedy: line-initial tendency; sain: line-initial tendency; okedy: broad high-frequency form. no English lexical value established.,Moderate for form and position; zero validated English semantics,"Pour the clear liquor in the joined vessel; let the bather remain until the water cools, then retain the remaining liquid.",Creative reconstruction; not a decipherment or translation,"A biological or balneological page with two pool-like forms and fourteen human figures, conventionally called nymphs.",pilot-0.1.0
f75r,B,Biological / balneological,f75r.45,+P0,P,sshedy.shckhy.qokey.okedy.sarol.oty.otedy.qotedy.otedy.okaiin,sshedy shckhy qokey okedy sarol oty otedy qotedy otedy okaiin,sshedy shckhy qokey okedy sarol oty otedy qotedy otedy okaiin,10,running paragraph text; continuation; 10 normalized token groups. sshedy: productive ending family; shckhy: recurrent form; qokey: broad high-frequency form. within-line repetition: otedy. no English lexical value established.,Moderate for form and position; zero validated English semantics,"Circulate the green water in the lower pool; let the seated woman remain for one interval, then rinse with clear water.",Creative reconstruction; not a decipherment or translation,"A biological or balneological page with two pool-like forms and fourteen human figures, conventionally called nymphs.",pilot-0.1.0
f75r,B,Biological / balneological,f75r.46,+P0,P,"qokey.qokedy.sheol.qokedy.dain.shedy.otol,chedy.ol[o:a]r<$>",qokey qokedy sheol qokedy dain shedy otol [?break] chedy ol[o:a]r,qokey qokedy sheol qokedy dain shedy otol chedy olor,9,running paragraph text; paragraph or sequence ending; 9 normalized token groups. qokey: broad high-frequency form; qokedy: broad high-frequency form; sheol: broad high-frequency form. within-line repetition: qokedy. no English lexical value established.,Moderate for form and position; zero validated English semantics,"Cool the flowing infusion in the covered bath; let the bather remain until the water cools, then move to the lower basin.",Creative reconstruction; not a decipherment or translation,"A biological or balneological page with two pool-like forms and fourteen human figures, conventionally called nymphs.",pilot-0.1.0
f75r,B,Biological / balneological,f75r.47,@Pb,P,<%>sal.okeedy,sal okeedy,sal okeedy,2,running paragraph text; paragraph opening; 2 normalized token groups. sal: recurrent form; okeedy: broad high-frequency form. no English lexical value established.,Moderate for form and position; zero validated English semantics,Label: The Narrow Channel.,Creative reconstruction; not a decipherment or translation,"A biological or balneological page with two pool-like forms and fourteen human figures, conventionally called nymphs.",pilot-0.1.0
f75r,B,Biological / balneological,f75r.48,+Pb,P,daly.ychey,daly ychey,daly ychey,2,running paragraph text; continuation; 2 normalized token groups. daly: line-final tendency; ychey: line-initial tendency. no English lexical value established.,Moderate for form and position; zero validated English semantics,Label: The Upper Basin.,Creative reconstruction; not a decipherment or translation,"A biological or balneological page with two pool-like forms and fourteen human figures, conventionally called nymphs.",pilot-0.1.0
f75r,B,Biological / balneological,f75r.49,+Pb,P,sols.dara,sols dara,sols dara,2,running paragraph text; continuation; 2 normalized token groups. sols: recurrent form. no English lexical value established.,Moderate for form and position; zero validated English semantics,Label: The Covered Bath.,Creative reconstruction; not a decipherment or translation,"A biological or balneological page with two pool-like forms and fourteen human figures, conventionally called nymphs.",pilot-0.1.0
f75r,B,Biological / balneological,f75r.50,+Pb,P,ychty,ychty,ychty,1,running paragraph text; continuation; 1 normalized token group. no English lexical value established.,Moderate for form and position; zero validated English semantics,Label: The Joined Vessel.,Creative reconstruction; not a decipherment or translation,"A biological or balneological page with two pool-like forms and fourteen human figures, conventionally called nymphs.",pilot-0.1.0
f75r,B,Biological / balneological,f75r.51,+Pb,P,saino,saino,saino,1,running paragraph text; continuation; 1 normalized token group. no English lexical value established.,Moderate for form and position; zero validated English semantics,Label: The Narrow Channel.,Creative reconstruction; not a decipherment or translation,"A biological or balneological page with two pool-like forms and fourteen human figures, conventionally called nymphs.",pilot-0.1.0
f75r,B,Biological / balneological,f75r.52,+Pb,P,saldy,saldy,saldy,1,running paragraph text; continuation; 1 normalized token group. saldy: productive ending family. no English lexical value established.,Moderate for form and position; zero validated English semantics,Label: The Upper Basin.,Creative reconstruction; not a decipherment or translation,"A biological or balneological page with two pool-like forms and fourteen human figures, conventionally called nymphs.",pilot-0.1.0
f75r,B,Biological / balneological,f75r.53,+Pb,P,dainy<$>,dainy,dainy,1,running paragraph text; paragraph or sequence ending; 1 normalized token group. no English lexical value established.,Moderate for form and position; zero validated English semantics,Label: The Covered Bath.,Creative reconstruction; not a decipherment or translation,"A biological or balneological page with two pool-like forms and fourteen human figures, conventionally called nymphs.",pilot-0.1.0
fRos,C,Cosmological,fRos.1,@L0,L,<!1:11>saeeasa?,[note: 1:11] saeeasa?,saeeasa,1,isolated label or short inscription; paragraph opening; 1 normalized token group. no English lexical value established.,Moderate for form and position; zero validated English semantics,"Label: The Middle Gate, toward the lower field.",Creative reconstruction; not a decipherment or translation,"The large nine-rosette foldout: interconnected medallions, paths, towers, circular writing, and numerous labels.",pilot-0.1.0
fRos,C,Cosmological,fRos.2,@Cc,C,"<!10:30>oto.tosaes.adar.otar.otes,okaiin.dal,al,chdar.otdar.chefchs.okor.ol.om.olkeeodaiin.shol.okal.orshees.qoeey.okalol.otodr.ochs.ar,ol.oqokam.oteed.oteedy.okedy.lraiin.or,aiin.okor.okeedy",[note: 10:30] oto tosaes adar otar otes [?break] okaiin dal [?break] al [?break] chdar otdar chefchs okor ol om olkeeodaiin shol okal orshees qoeey okalol otodr ochs ar [?break] ol oqokam oteed oteedy okedy lraiin or [?break] aiin okor okeedy,oto tosaes adar otar otes okaiin dal al chdar otdar chefchs okor ol om olkeeodaiin shol okal orshees qoeey okalol otodr ochs ar ol oqokam oteed oteedy okedy lraiin or aiin okor okeedy,33,"circular text; paragraph opening; 33 normalized token groups. oto: recurrent form; otar: broad high-frequency form; otes: recurrent form. within-line repetition: okor, ol. no English lexical value established.",Moderate for form and position; zero validated English semantics,"From the central enclosure, carry the spiral course toward the eastern tower; join it to the first ring through the narrow gate.",Creative reconstruction; not a decipherment or translation,"The large nine-rosette foldout: interconnected medallions, paths, towers, circular writing, and numerous labels.",pilot-0.1.0
fRos,C,Cosmological,fRos.3,@L0,L,"<!1:1>ofain,ain",[note: 1:1] ofain [?break] ain,ofain ain,2,isolated label or short inscription; paragraph opening; 2 normalized token groups. ofain: productive ending family; ain: broad high-frequency form. no English lexical value established.,Moderate for form and position; zero validated English semantics,"Label: The Enclosed Field, toward the eastern tower.",Creative reconstruction; not a decipherment or translation,"The large nine-rosette foldout: interconnected medallions, paths, towers, circular writing, and numerous labels.",pilot-0.1.0
fRos,C,Cosmological,fRos.4,+L0,L,"<!1:2>ych,?ais",[note: 1:2] ych [?break] ?ais,ych ais,2,isolated label or short inscription; continuation; 2 normalized token groups. ais: recurrent form. no English lexical value established.,Moderate for form and position; zero validated English semantics,"Label: The Inner Rosette, toward the northern rosette.",Creative reconstruction; not a decipherment or translation,"The large nine-rosette foldout: interconnected medallions, paths, towers, circular writing, and numerous labels.",pilot-0.1.0
fRos,C,Cosmological,fRos.5,+L0,L,<!1:3>ydekam,[note: 1:3] ydekam,ydekam,1,isolated label or short inscription; continuation; 1 normalized token group. no English lexical value established.,Moderate for form and position; zero validated English semantics,"Label: The Inner Rosette, toward the lower field.",Creative reconstruction; not a decipherment or translation,"The large nine-rosette foldout: interconnected medallions, paths, towers, circular writing, and numerous labels.",pilot-0.1.0
fRos,C,Cosmological,fRos.6,+L0,L,<!1:4>darchedy,[note: 1:4] darchedy,darchedy,1,isolated label or short inscription; continuation; 1 normalized token group. darchedy: productive ending family. no English lexical value established.,Moderate for form and position; zero validated English semantics,"Label: The Central Enclosure, toward the northern rosette.",Creative reconstruction; not a decipherment or translation,"The large nine-rosette foldout: interconnected medallions, paths, towers, circular writing, and numerous labels.",pilot-0.1.0
fRos,C,Cosmological,fRos.7,+L0,L,"<!1:5>otochedy,sy",[note: 1:5] otochedy [?break] sy,otochedy sy,2,isolated label or short inscription; continuation; 2 normalized token groups. otochedy: productive ending family; sy: line-final tendency. no English lexical value established.,Moderate for form and position; zero validated English semantics,"Label: The Enclosed Field, toward the eastern tower.",Creative reconstruction; not a decipherment or translation,"The large nine-rosette foldout: interconnected medallions, paths, towers, circular writing, and numerous labels.",pilot-0.1.0
fRos,C,Cosmological,fRos.8,+L0,L,<!1:6>soeedoy.olal,[note: 1:6] soeedoy olal,soeedoy olal,2,isolated label or short inscription; continuation; 2 normalized token groups. olal: recurrent form. no English lexical value established.,Moderate for form and position; zero validated English semantics,"Label: The Enclosed Field, toward the lower field.",Creative reconstruction; not a decipherment or translation,"The large nine-rosette foldout: interconnected medallions, paths, towers, circular writing, and numerous labels.",pilot-0.1.0
fRos,C,Cosmological,fRos.9,+L0,L,<!1:7>dchor.orary,[note: 1:7] dchor orary,dchor orary,2,isolated label or short inscription; continuation; 2 normalized token groups. dchor: line-initial tendency; orary: recurrent form. no English lexical value established.,Moderate for form and position; zero validated English semantics,"Label: The Inner Rosette, toward the western circle.",Creative reconstruction; not a decipherment or translation,"The large nine-rosette foldout: interconnected medallions, paths, towers, circular writing, and numerous labels.",pilot-0.1.0
fRos,C,Cosmological,fRos.10,+L0,L,<!1:8>sairo[j:d]am,[note: 1:8] sairo[j:d]am,sairojam,1,isolated label or short inscription; continuation; 1 normalized token group. no English lexical value established.,Moderate for form and position; zero validated English semantics,"Label: The Inner Rosette, toward the outer wall.",Creative reconstruction; not a decipherment or translation,"The large nine-rosette foldout: interconnected medallions, paths, towers, circular writing, and numerous labels.",pilot-0.1.0
fRos,C,Cosmological,fRos.11,@L0,L,<!1:9>okchdarar,[note: 1:9] okchdarar,okchdarar,1,isolated label or short inscription; paragraph opening; 1 normalized token group. no English lexical value established.,Moderate for form and position; zero validated English semantics,"Label: The Central Enclosure, toward the eastern tower.",Creative reconstruction; not a decipherment or translation,"The large nine-rosette foldout: interconnected medallions, paths, towers, circular writing, and numerous labels.",pilot-0.1.0
fRos,C,Cosmological,fRos.12,@L0,L,<!2:9>soiindy,[note: 2:9] soiindy,soiindy,1,isolated label or short inscription; paragraph opening; 1 normalized token group. soiindy: productive ending family. no English lexical value established.,Moderate for form and position; zero validated English semantics,"Label: The Marked Face, toward the northern rosette.",Creative reconstruction; not a decipherment or translation,"The large nine-rosette foldout: interconnected medallions, paths, towers, circular writing, and numerous labels.",pilot-0.1.0
fRos,C,Cosmological,fRos.13,@L0,L,<!2:10>ytedar,[note: 2:10] ytedar,ytedar,1,isolated label or short inscription; paragraph opening; 1 normalized token group. ytedar: recurrent form. no English lexical value established.,Moderate for form and position; zero validated English semantics,"Label: The Central Enclosure, toward the lower field.",Creative reconstruction; not a decipherment or translation,"The large nine-rosette foldout: interconnected medallions, paths, towers, circular writing, and numerous labels.",pilot-0.1.0
fRos,C,Cosmological,fRos.14,@L0,L,<!2:11>[d:?]dsschx,[note: 2:11] [d:?]dsschx,ddsschx,1,isolated label or short inscription; paragraph opening; 1 normalized token group. no English lexical value established.,Moderate for form and position; zero validated English semantics,"Label: The Inner Rosette, toward the lower field.",Creative reconstruction; not a decipherment or translation,"The large nine-rosette foldout: interconnected medallions, paths, towers, circular writing, and numerous labels.",pilot-0.1.0
fRos,C,Cosmological,fRos.15,@L0,L,<!2:13>daldar,[note: 2:13] daldar,daldar,1,isolated label or short inscription; paragraph opening; 1 normalized token group. no English lexical value established.,Moderate for form and position; zero validated English semantics,"Label: The Enclosed Field, toward the lower field.",Creative reconstruction; not a decipherment or translation,"The large nine-rosette foldout: interconnected medallions, paths, towers, circular writing, and numerous labels.",pilot-0.1.0
fRos,C,Cosmological,fRos.16,@L0,L,<!2:12>ofardy,[note: 2:12] ofardy,ofardy,1,isolated label or short inscription; paragraph opening; 1 normalized token group. ofardy: productive ending family. no English lexical value established.,Moderate for form and position; zero validated English semantics,"Label: The Enclosed Field, toward the lower field.",Creative reconstruction; not a decipherment or translation,"The large nine-rosette foldout: interconnected medallions, paths, towers, circular writing, and numerous labels.",pilot-0.1.0
fRos,C,Cosmological,fRos.17,@L0,L,<!1:10>orarol,[note: 1:10] orarol,orarol,1,isolated label or short inscription; paragraph opening; 1 normalized token group. no English lexical value established.,Moderate for form and position; zero validated English semantics,"Label: The Inner Rosette, toward the northern rosette.",Creative reconstruction; not a decipherment or translation,"The large nine-rosette foldout: interconnected medallions, paths, towers, circular writing, and numerous labels.",pilot-0.1.0
fRos,C,Cosmological,fRos.18,@L0,L,<!4:1>daldal,[note: 4:1] daldal,daldal,1,isolated label or short inscription; paragraph opening; 1 normalized token group. no English lexical value established.,Moderate for form and position; zero validated English semantics,"Label: The Marked Face, toward the northern rosette.",Creative reconstruction; not a decipherment or translation,"The large nine-rosette foldout: interconnected medallions, paths, towers, circular writing, and numerous labels.",pilot-0.1.0
fRos,C,Cosmological,fRos.19,@L0,L,<!4:2>da[r:s]aldy,[note: 4:2] da[r:s]aldy,daraldy,1,isolated label or short inscription; paragraph opening; 1 normalized token group. daraldy: productive ending family. no English lexical value established.,Moderate for form and position; zero validated English semantics,"Label: The Middle Gate, toward the eastern tower.",Creative reconstruction; not a decipherment or translation,"The large nine-rosette foldout: interconnected medallions, paths, towers, circular writing, and numerous labels.",pilot-0.1.0
fRos,C,Cosmological,fRos.20,@Cc,C,"<!05:00>sais,od,r,ar.or.okal.okal.or.alal.ykal.ol.ar.ol.al.ol.al,lor.okan.okod.oked.okeo.ldy.opashs.otedy.chedchs.sheekedy.odal.shd.olkeedy.yky,kaiir.okchdy.otol,ar,y<->aiin.aiir.oeal.okchdy.oly<->okain.olkaiin.ody",[note: 05:00] sais [?break] od [?break] r [?break] ar or okal okal or alal ykal ol ar ol al ol al [?break] lor okan okod oked okeo ldy opashs otedy chedchs sheekedy odal shd olkeedy yky [?break] kaiir okchdy otol [?break] ar [?break] y | aiin aiir oeal okchdy oly | okain olkaiin ody,sais od r ar or okal okal or alal ykal ol ar ol al ol al lor okan okod oked okeo ldy opashs otedy chedchs sheekedy odal shd olkeedy yky kaiir okchdy otol ar y aiin aiir oeal okchdy oly okain olkaiin ody,43,"circular text; paragraph opening; 43 normalized token groups. od: recurrent form; r: broad high-frequency form; ar: broad high-frequency form. within-line repetition: ar, or, okal. no English lexical value established.",Moderate for form and position; zero validated English semantics,"From the central enclosure, measure the outer circuit toward the lower field; join it to the returning path at the final division.",Creative reconstruction; not a decipherment or translation,"The large nine-rosette foldout: interconnected medallions, paths, towers, circular writing, and numerous labels.",pilot-0.1.0
fRos,C,Cosmological,fRos.21,@L0,L,<!4:3>oko,[note: 4:3] oko,oko,1,isolated label or short inscription; paragraph opening; 1 normalized token group. oko: recurrent form. no English lexical value established.,Moderate for form and position; zero validated English semantics,"Label: The Inner Rosette, toward the western circle.",Creative reconstruction; not a decipherment or translation,"The large nine-rosette foldout: interconnected medallions, paths, towers, circular writing, and numerous labels.",pilot-0.1.0
fRos,C,Cosmological,fRos.22,@L0,L,<!4:4>daiiny,[note: 4:4] daiiny,daiiny,1,isolated label or short inscription; paragraph opening; 1 normalized token group. daiiny: recurrent form. no English lexical value established.,Moderate for form and position; zero validated English semantics,"Label: The Middle Gate, toward the outer wall.",Creative reconstruction; not a decipherment or translation,"The large nine-rosette foldout: interconnected medallions, paths, towers, circular writing, and numerous labels.",pilot-0.1.0
fRos,C,Cosmological,fRos.23,@L0,L,<!4:5>do{cfhh}y,[note: 4:5] do{cfhh}y,docfhhy,1,isolated label or short inscription; paragraph opening; 1 normalized token group. no English lexical value established.,Moderate for form and position; zero validated English semantics,"Label: The Central Enclosure, toward the outer wall.",Creative reconstruction; not a decipherment or translation,"The large nine-rosette foldout: interconnected medallions, paths, towers, circular writing, and numerous labels.",pilot-0.1.0
fRos,C,Cosmological,fRos.24,@L0,L,<!4:6>okedy,[note: 4:6] okedy,okedy,1,isolated label or short inscription; paragraph opening; 1 normalized token group. okedy: broad high-frequency form. no English lexical value established.,Moderate for form and position; zero validated English semantics,"Label: The Middle Gate, toward the outer wall.",Creative reconstruction; not a decipherment or translation,"The large nine-rosette foldout: interconnected medallions, paths, towers, circular writing, and numerous labels.",pilot-0.1.0
fRos,C,Cosmological,fRos.25,@L0,L,<!4:7>o[k:p]ary,[note: 4:7] o[k:p]ary,okary,1,isolated label or short inscription; paragraph opening; 1 normalized token group. okary: line-initial tendency. no English lexical value established.,Moderate for form and position; zero validated English semantics,"Label: The Middle Gate, toward the lower field.",Creative reconstruction; not a decipherment or translation,"The large nine-rosette foldout: interconnected medallions, paths, towers, circular writing, and numerous labels.",pilot-0.1.0
fRos,C,Cosmological,fRos.26,@L0,L,<!4:8>opain,[note: 4:8] opain,opain,1,isolated label or short inscription; paragraph opening; 1 normalized token group. opain: productive ending family. no English lexical value established.,Moderate for form and position; zero validated English semantics,"Label: The Central Enclosure, toward the eastern tower.",Creative reconstruction; not a decipherment or translation,"The large nine-rosette foldout: interconnected medallions, paths, towers, circular writing, and numerous labels.",pilot-0.1.0
fRos,C,Cosmological,fRos.27,@L0,L,<!4:9>opar,[note: 4:9] opar,opar,1,isolated label or short inscription; paragraph opening; 1 normalized token group. opar: line-initial tendency. no English lexical value established.,Moderate for form and position; zero validated English semantics,"Label: The Enclosed Field, toward the northern rosette.",Creative reconstruction; not a decipherment or translation,"The large nine-rosette foldout: interconnected medallions, paths, towers, circular writing, and numerous labels.",pilot-0.1.0
fRos,C,Cosmological,fRos.28,@L0,L,<!4:10>adairy,[note: 4:10] adairy,adairy,1,isolated label or short inscription; paragraph opening; 1 normalized token group. no English lexical value established.,Moderate for form and position; zero validated English semantics,"Label: The Middle Gate, toward the northern rosette.",Creative reconstruction; not a decipherment or translation,"The large nine-rosette foldout: interconnected medallions, paths, towers, circular writing, and numerous labels.",pilot-0.1.0
fRos,C,Cosmological,fRos.29,@L0,L,<!4:11>dxar,[note: 4:11] dxar,dxar,1,isolated label or short inscription; paragraph opening; 1 normalized token group. no English lexical value established.,Moderate for form and position; zero validated English semantics,"Label: The Middle Gate, toward the western circle.",Creative reconstruction; not a decipherment or translation,"The large nine-rosette foldout: interconnected medallions, paths, towers, circular writing, and numerous labels.",pilot-0.1.0
fRos,C,Cosmological,fRos.30,@L0,L,<!4:12>okory,[note: 4:12] okory,okory,1,isolated label or short inscription; paragraph opening; 1 normalized token group. no English lexical value established.,Moderate for form and position; zero validated English semantics,"Label: The Marked Face, toward the outer wall.",Creative reconstruction; not a decipherment or translation,"The large nine-rosette foldout: interconnected medallions, paths, towers, circular writing, and numerous labels.",pilot-0.1.0
fRos,C,Cosmological,fRos.31,@L0,L,<!4:13>opo[k:t]chosody,[note: 4:13] opo[k:t]chosody,opokchosody,1,isolated label or short inscription; paragraph opening; 1 normalized token group. opokchosody: productive ending family. no English lexical value established.,Moderate for form and position; zero validated English semantics,"Label: The Middle Gate, toward the lower field.",Creative reconstruction; not a decipherment or translation,"The large nine-rosette foldout: interconnected medallions, paths, towers, circular writing, and numerous labels.",pilot-0.1.0
fRos,C,Cosmological,fRos.32,@L0,L,<!7:12>adashgasain,[note: 7:12] adashgasain,adashgasain,1,isolated label or short inscription; paragraph opening; 1 normalized token group. adashgasain: productive ending family. no English lexical value established.,Moderate for form and position; zero validated English semantics,"Label: The Central Enclosure, toward the outer wall.",Creative reconstruction; not a decipherment or translation,"The large nine-rosette foldout: interconnected medallions, paths, towers, circular writing, and numerous labels.",pilot-0.1.0
fRos,C,Cosmological,fRos.33,@L0,L,<!7:13>cfair.o@213;ol{c@133;h}y,[note: 7:13] cfair o@213;ol{c@133;h}y,cfair oxolcxhy,2,isolated label or short inscription; paragraph opening; 2 normalized token groups. no English lexical value established.,Moderate for form and position; zero validated English semantics,"Label: The Middle Gate, toward the eastern tower.",Creative reconstruction; not a decipherment or translation,"The large nine-rosette foldout: interconnected medallions, paths, towers, circular writing, and numerous labels.",pilot-0.1.0
fRos,C,Cosmological,fRos.34,@L0,L,<!7:1>okody,[note: 7:1] okody,okody,1,isolated label or short inscription; paragraph opening; 1 normalized token group. okody: line-initial tendency. no English lexical value established.,Moderate for form and position; zero validated English semantics,"Label: The Middle Gate, toward the lower field.",Creative reconstruction; not a decipherment or translation,"The large nine-rosette foldout: interconnected medallions, paths, towers, circular writing, and numerous labels.",pilot-0.1.0
fRos,C,Cosmological,fRos.35,@Cc,C,"<!00:00>okos.{cp}or.air,u.oteoteedy.otos.otedar.ches.okodainol.ykedy.eedor.tchdaiin.sy.sarald.todar.chkar.odair.or.oal.okchdy.seedy.oteedy.ykchda.cheky.o.aiin.okees.olar.or.ykeedy.okeo,lodaiin.or.olaiiin.olar",[note: 00:00] okos {cp}or air [?break] u oteoteedy otos otedar ches okodainol ykedy eedor tchdaiin sy sarald todar chkar odair or oal okchdy seedy oteedy ykchda cheky o aiin okees olar or ykeedy okeo [?break] lodaiin or olaiiin olar,okos cpor air u oteoteedy otos otedar ches okodainol ykedy eedor tchdaiin sy sarald todar chkar odair or oal okchdy seedy oteedy ykchda cheky o aiin okees olar or ykeedy okeo lodaiin or olaiiin olar,35,"circular text; paragraph opening; 35 normalized token groups. okos: recurrent form; air: broad high-frequency form; oteoteedy: productive ending family. within-line repetition: or, olar. no English lexical value established.",Moderate for form and position; zero validated English semantics,"From the middle gate, turn the divided channel toward the outer wall; join it to the first ring without crossing the inner band.",Creative reconstruction; not a decipherment or translation,"The large nine-rosette foldout: interconnected medallions, paths, towers, circular writing, and numerous labels.",pilot-0.1.0
fRos,C,Cosmological,fRos.36,@Cc,C,"<!Spiral>o?ochs.octhey.osar,aram.arkeeody.ochdor,ol.oekairy.ytodaro.opalshy.or,arodar.ykodar.ykodar.ykary.opalxy",[note: Spiral] o?ochs octhey osar [?break] aram arkeeody ochdor [?break] ol oekairy ytodaro opalshy or [?break] arodar ykodar ykodar ykary opalxy,o ochs octhey osar aram arkeeody ochdor ol oekairy ytodaro opalshy or arodar ykodar ykodar ykary opalxy,17,circular text; paragraph opening; 17 normalized token groups. o: broad high-frequency form; octhey: productive ending family; osar: recurrent form. within-line repetition: ykodar. no English lexical value established.,Moderate for form and position; zero validated English semantics,"From the central enclosure, join the bridged passage toward the eastern tower; join it to the first ring beside the repeated sign.",Creative reconstruction; not a decipherment or translation,"The large nine-rosette foldout: interconnected medallions, paths, towers, circular writing, and numerous labels.",pilot-0.1.0
fRos,C,Cosmological,fRos.37,@L0,L,"<!7:10>opoor,daly",[note: 7:10] opoor [?break] daly,opoor daly,2,isolated label or short inscription; paragraph opening; 2 normalized token groups. daly: line-final tendency. no English lexical value established.,Moderate for form and position; zero validated English semantics,"Label: The Enclosed Field, toward the eastern tower.",Creative reconstruction; not a decipherment or translation,"The large nine-rosette foldout: interconnected medallions, paths, towers, circular writing, and numerous labels.",pilot-0.1.0
fRos,C,Cosmological,fRos.38,@L0,L,<!7:7>okas.oedady,[note: 7:7] okas oedady,okas oedady,2,isolated label or short inscription; paragraph opening; 2 normalized token groups. okas: recurrent form; oedady: productive ending family. no English lexical value established.,Moderate for form and position; zero validated English semantics,"Label: The Enclosed Field, toward the eastern tower.",Creative reconstruction; not a decipherment or translation,"The large nine-rosette foldout: interconnected medallions, paths, towers, circular writing, and numerous labels.",pilot-0.1.0
fRos,C,Cosmological,fRos.39,@Pb,P,"<!7:5><%>kechy.qolchedar,ar",[note: 7:5] kechy qolchedar [?break] ar,kechy qolchedar ar,3,running paragraph text; paragraph opening; 3 normalized token groups. kechy: recurrent form; qolchedar: productive qo- family; ar: broad high-frequency form. no English lexical value established.,Moderate for form and position; zero validated English semantics,"From the enclosed field, trace the spiral course toward the lower field; join it to the encircling band through the narrow gate.",Creative reconstruction; not a decipherment or translation,"The large nine-rosette foldout: interconnected medallions, paths, towers, circular writing, and numerous labels.",pilot-0.1.0
fRos,C,Cosmological,fRos.40,+Pb,P,<!7:6>otedy.chdaiin.oty<$>,[note: 7:6] otedy chdaiin oty,otedy chdaiin oty,3,running paragraph text; paragraph or sequence ending; 3 normalized token groups. otedy: broad high-frequency form; chdaiin: productive ending family; oty: broad high-frequency form. no English lexical value established.,Moderate for form and position; zero validated English semantics,"From the central enclosure, trace the divided channel toward the western circle; join it to the first ring through the narrow gate.",Creative reconstruction; not a decipherment or translation,"The large nine-rosette foldout: interconnected medallions, paths, towers, circular writing, and numerous labels.",pilot-0.1.0
fRos,C,Cosmological,fRos.41,@L0,L,<!7:3>o[s:r]al,[note: 7:3] o[s:r]al,osal,1,isolated label or short inscription; paragraph opening; 1 normalized token group. osal: recurrent form. no English lexical value established.,Moderate for form and position; zero validated English semantics,"Label: The Middle Gate, toward the eastern tower.",Creative reconstruction; not a decipherment or translation,"The large nine-rosette foldout: interconnected medallions, paths, towers, circular writing, and numerous labels.",pilot-0.1.0
fRos,C,Cosmological,fRos.42,@L0,L,<!7:2>{cp}eey,[note: 7:2] {cp}eey,cpeey,1,isolated label or short inscription; paragraph opening; 1 normalized token group. cpeey: productive ending family. no English lexical value established.,Moderate for form and position; zero validated English semantics,"Label: The Central Enclosure, toward the outer wall.",Creative reconstruction; not a decipherment or translation,"The large nine-rosette foldout: interconnected medallions, paths, towers, circular writing, and numerous labels.",pilot-0.1.0
fRos,C,Cosmological,fRos.43,@L0,L,<!7:4>okor,[note: 7:4] okor,okor,1,isolated label or short inscription; paragraph opening; 1 normalized token group. okor: recurrent form. no English lexical value established.,Moderate for form and position; zero validated English semantics,"Label: The Marked Face, toward the western circle.",Creative reconstruction; not a decipherment or translation,"The large nine-rosette foldout: interconnected medallions, paths, towers, circular writing, and numerous labels.",pilot-0.1.0
fRos,C,Cosmological,fRos.44,@L0,L,<!7:8>sarchcphdy,[note: 7:8] sarchcphdy,sarchcphdy,1,isolated label or short inscription; paragraph opening; 1 normalized token group. sarchcphdy: productive ending family. no English lexical value established.,Moderate for form and position; zero validated English semantics,"Label: The Middle Gate, toward the northern rosette.",Creative reconstruction; not a decipherment or translation,"The large nine-rosette foldout: interconnected medallions, paths, towers, circular writing, and numerous labels.",pilot-0.1.0
fRos,C,Cosmological,fRos.45,@L0,L,<!7:9>otchdy.otoldy,[note: 7:9] otchdy otoldy,otchdy otoldy,2,isolated label or short inscription; paragraph opening; 2 normalized token groups. otchdy: productive ending family; otoldy: line-initial tendency. no English lexical value established.,Moderate for form and position; zero validated English semantics,"Label: The Middle Gate, toward the western circle.",Creative reconstruction; not a decipherment or translation,"The large nine-rosette foldout: interconnected medallions, paths, towers, circular writing, and numerous labels.",pilot-0.1.0
fRos,C,Cosmological,fRos.46,@L0,L,<!7:11>ofchedaiin,[note: 7:11] ofchedaiin,ofchedaiin,1,isolated label or short inscription; paragraph opening; 1 normalized token group. ofchedaiin: productive ending family. no English lexical value established.,Moderate for form and position; zero validated English semantics,"Label: The Enclosed Field, toward the western circle.",Creative reconstruction; not a decipherment or translation,"The large nine-rosette foldout: interconnected medallions, paths, towers, circular writing, and numerous labels.",pilot-0.1.0
fRos,C,Cosmological,fRos.47,@Cc,C,"<!10:30>osar.otar.otodeedy.oty,daiin.sheor.oar.otedy,qotedy.oteey.otoraiin.chekad?r.ol.aiin.okedal.olor.op[o:a]iiral.eeealky.[y:?]tar.qokeo,l.tched.oiin.oteedaiin.odal.cheky.otchdor.or.olkoaiin.ok[a:o]l,o,laiin",[note: 10:30] osar otar otodeedy oty [?break] daiin sheor oar otedy [?break] qotedy oteey otoraiin chekad?r ol aiin okedal olor op[o:a]iiral eeealky [y:?]tar qokeo [?break] l tched oiin oteedaiin odal cheky otchdor or olkoaiin ok[a:o]l [?break] o [?break] laiin,osar otar otodeedy oty daiin sheor oar otedy qotedy oteey otoraiin chekad r ol aiin okedal olor opoiiral eeealky ytar qokeo l tched oiin oteedaiin odal cheky otchdor or olkoaiin okal o laiin,33,circular text; paragraph opening; 33 normalized token groups. osar: recurrent form; otar: broad high-frequency form; otodeedy: productive ending family. no English lexical value established.,Moderate for form and position; zero validated English semantics,"From the marked face, join the spiral course toward the northern rosette; join it to the returning path through the narrow gate.",Creative reconstruction; not a decipherment or translation,"The large nine-rosette foldout: interconnected medallions, paths, towers, circular writing, and numerous labels.",pilot-0.1.0
fRos,C,Cosmological,fRos.48,@L0,L,<!2:1>otedal,[note: 2:1] otedal,otedal,1,isolated label or short inscription; paragraph opening; 1 normalized token group. otedal: recurrent form. no English lexical value established.,Moderate for form and position; zero validated English semantics,"Label: The Middle Gate, toward the eastern tower.",Creative reconstruction; not a decipherment or translation,"The large nine-rosette foldout: interconnected medallions, paths, towers, circular writing, and numerous labels.",pilot-0.1.0
fRos,C,Cosmological,fRos.49,@L0,L,"<!2:2>opaiin,o",[note: 2:2] opaiin [?break] o,opaiin o,2,isolated label or short inscription; paragraph opening; 2 normalized token groups. opaiin: productive ending family; o: broad high-frequency form. no English lexical value established.,Moderate for form and position; zero validated English semantics,"Label: The Central Enclosure, toward the western circle.",Creative reconstruction; not a decipherment or translation,"The large nine-rosette foldout: interconnected medallions, paths, towers, circular writing, and numerous labels.",pilot-0.1.0
fRos,C,Cosmological,fRos.50,@L0,L,<!2:3>otchdy,[note: 2:3] otchdy,otchdy,1,isolated label or short inscription; paragraph opening; 1 normalized token group. otchdy: productive ending family. no English lexical value established.,Moderate for form and position; zero validated English semantics,"Label: The Middle Gate, toward the eastern tower.",Creative reconstruction; not a decipherment or translation,"The large nine-rosette foldout: interconnected medallions, paths, towers, circular writing, and numerous labels.",pilot-0.1.0
fRos,C,Cosmological,fRos.51,@L0,L,<!2:4>okchy,[note: 2:4] okchy,okchy,1,isolated label or short inscription; paragraph opening; 1 normalized token group. okchy: recurrent form. no English lexical value established.,Moderate for form and position; zero validated English semantics,"Label: The Marked Face, toward the lower field.",Creative reconstruction; not a decipherment or translation,"The large nine-rosette foldout: interconnected medallions, paths, towers, circular writing, and numerous labels.",pilot-0.1.0
fRos,C,Cosmological,fRos.52,@L0,L,<!2:5>chkeedy,[note: 2:5] chkeedy,chkeedy,1,isolated label or short inscription; paragraph opening; 1 normalized token group. chkeedy: productive ending family. no English lexical value established.,Moderate for form and position; zero validated English semantics,"Label: The Central Enclosure, toward the northern rosette.",Creative reconstruction; not a decipherment or translation,"The large nine-rosette foldout: interconnected medallions, paths, towers, circular writing, and numerous labels.",pilot-0.1.0
fRos,C,Cosmological,fRos.53,@L0,L,<!2:6>opairar,[note: 2:6] opairar,opairar,1,isolated label or short inscription; paragraph opening; 1 normalized token group. no English lexical value established.,Moderate for form and position; zero validated English semantics,"Label: The Marked Face, toward the lower field.",Creative reconstruction; not a decipherment or translation,"The large nine-rosette foldout: interconnected medallions, paths, towers, circular writing, and numerous labels.",pilot-0.1.0
fRos,C,Cosmological,fRos.54,@L0,L,<!2:7>odee[?:d]y,[note: 2:7] odee[?:d]y,odee y,2,isolated label or short inscription; paragraph opening; 2 normalized token groups. y: broad high-frequency form. no English lexical value established.,Moderate for form and position; zero validated English semantics,"Label: The Marked Face, toward the eastern tower.",Creative reconstruction; not a decipherment or translation,"The large nine-rosette foldout: interconnected medallions, paths, towers, circular writing, and numerous labels.",pilot-0.1.0
fRos,C,Cosmological,fRos.55,@L0,L,<!2:8>okody,[note: 2:8] okody,okody,1,isolated label or short inscription; paragraph opening; 1 normalized token group. okody: line-initial tendency. no English lexical value established.,Moderate for form and position; zero validated English semantics,"Label: The Middle Gate, toward the lower field.",Creative reconstruction; not a decipherment or translation,"The large nine-rosette foldout: interconnected medallions, paths, towers, circular writing, and numerous labels.",pilot-0.1.0
fRos,C,Cosmological,fRos.56,@L0,L,<!3:22>depcheky,[note: 3:22] depcheky,depcheky,1,isolated label or short inscription; paragraph opening; 1 normalized token group. no English lexical value established.,Moderate for form and position; zero validated English semantics,"Label: The Inner Rosette, toward the western circle.",Creative reconstruction; not a decipherment or translation,"The large nine-rosette foldout: interconnected medallions, paths, towers, circular writing, and numerous labels.",pilot-0.1.0
fRos,C,Cosmological,fRos.57,@L0,L,<!3:23>ot[ch:a],[note: 3:23] ot[ch:a],otch,1,isolated label or short inscription; paragraph opening; 1 normalized token group. otch: recurrent form. no English lexical value established.,Moderate for form and position; zero validated English semantics,"Label: The Middle Gate, toward the northern rosette.",Creative reconstruction; not a decipherment or translation,"The large nine-rosette foldout: interconnected medallions, paths, towers, circular writing, and numerous labels.",pilot-0.1.0
fRos,C,Cosmological,fRos.58,@L0,L,<!3:24>osy,[note: 3:24] osy,osy,1,isolated label or short inscription; paragraph opening; 1 normalized token group. no English lexical value established.,Moderate for form and position; zero validated English semantics,"Label: The Inner Rosette, toward the outer wall.",Creative reconstruction; not a decipherment or translation,"The large nine-rosette foldout: interconnected medallions, paths, towers, circular writing, and numerous labels.",pilot-0.1.0
fRos,C,Cosmological,fRos.59,@L0,L,<!3:25>[o:a]dl,[note: 3:25] [o:a]dl,odl,1,isolated label or short inscription; paragraph opening; 1 normalized token group. odl: recurrent form. no English lexical value established.,Moderate for form and position; zero validated English semantics,"Label: The Marked Face, toward the western circle.",Creative reconstruction; not a decipherment or translation,"The large nine-rosette foldout: interconnected medallions, paths, towers, circular writing, and numerous labels.",pilot-0.1.0
fRos,C,Cosmological,fRos.60,@L0,L,"<!3:26>d,dy",[note: 3:26] d [?break] dy,d dy,2,isolated label or short inscription; paragraph opening; 2 normalized token groups. d: recurrent form; dy: broad high-frequency form. no English lexical value established.,Moderate for form and position; zero validated English semantics,"Label: The Middle Gate, toward the eastern tower.",Creative reconstruction; not a decipherment or translation,"The large nine-rosette foldout: interconnected medallions, paths, towers, circular writing, and numerous labels.",pilot-0.1.0
fRos,C,Cosmological,fRos.61,@L0,L,<!3:27>oteey,[note: 3:27] oteey,oteey,1,isolated label or short inscription; paragraph opening; 1 normalized token group. oteey: broad high-frequency form. no English lexical value established.,Moderate for form and position; zero validated English semantics,"Label: The Inner Rosette, toward the lower field.",Creative reconstruction; not a decipherment or translation,"The large nine-rosette foldout: interconnected medallions, paths, towers, circular writing, and numerous labels.",pilot-0.1.0
fRos,C,Cosmological,fRos.62,@Cc,C,"<!00:00>otor.os.om.araiin.okeody.okar.odsheedy.odaiin.okchdy.okar.shor.okaiin.daiin.ofair.oly.olkair,odal.olkalor.olor<->s.y.o.d.esha,x.k.r.olar.oteedaiin.otes,ar.yqos.aiiin.ol.qotody.ol.oir.or.oroa.oteeedy.okal.okodar.otshe.okody.otedy.chdar.o'",[note: 00:00] otor os om araiin okeody okar odsheedy odaiin okchdy okar shor okaiin daiin ofair oly olkair [?break] odal olkalor olor | s y o d esha [?break] x k r olar oteedaiin otes [?break] ar yqos aiiin ol qotody ol oir or oroa oteeedy okal okodar otshe okody otedy chdar o',otor os om araiin okeody okar odsheedy odaiin okchdy okar shor okaiin daiin ofair oly olkair odal olkalor olor s y o d esha x k r olar oteedaiin otes ar yqos aiiin ol qotody ol oir or oroa oteeedy okal okodar otshe okody otedy chdar o,47,"circular text; paragraph opening; 47 normalized token groups. otor: recurrent form; os: recurrent form; om: line-final tendency. within-line repetition: okar, o, ol. no English lexical value established.",Moderate for form and position; zero validated English semantics,"From the marked face, turn the divided channel toward the eastern tower; join it to the returning path beside the repeated sign.",Creative reconstruction; not a decipherment or translation,"The large nine-rosette foldout: interconnected medallions, paths, towers, circular writing, and numerous labels.",pilot-0.1.0
fRos,C,Cosmological,fRos.63,@L0,L,<!5:1>oteedy,[note: 5:1] oteedy,oteedy,1,isolated label or short inscription; paragraph opening; 1 normalized token group. oteedy: broad high-frequency form. no English lexical value established.,Moderate for form and position; zero validated English semantics,"Label: The Central Enclosure, toward the outer wall.",Creative reconstruction; not a decipherment or translation,"The large nine-rosette foldout: interconnected medallions, paths, towers, circular writing, and numerous labels.",pilot-0.1.0
fRos,C,Cosmological,fRos.64,@L0,L,<!5:2>opy,[note: 5:2] opy,opy,1,isolated label or short inscription; paragraph opening; 1 normalized token group. opy: recurrent form. no English lexical value established.,Moderate for form and position; zero validated English semantics,"Label: The Enclosed Field, toward the western circle.",Creative reconstruction; not a decipherment or translation,"The large nine-rosette foldout: interconnected medallions, paths, towers, circular writing, and numerous labels.",pilot-0.1.0
fRos,C,Cosmological,fRos.65,@L0,L,<!5:3>odal,[note: 5:3] odal,odal,1,isolated label or short inscription; paragraph opening; 1 normalized token group. odal: recurrent form. no English lexical value established.,Moderate for form and position; zero validated English semantics,"Label: The Central Enclosure, toward the outer wall.",Creative reconstruction; not a decipherment or translation,"The large nine-rosette foldout: interconnected medallions, paths, towers, circular writing, and numerous labels.",pilot-0.1.0
fRos,C,Cosmological,fRos.66,@L0,L,<!5:4>shdy,[note: 5:4] shdy,shdy,1,isolated label or short inscription; paragraph opening; 1 normalized token group. shdy: productive ending family. no English lexical value established.,Moderate for form and position; zero validated English semantics,"Label: The Enclosed Field, toward the eastern tower.",Creative reconstruction; not a decipherment or translation,"The large nine-rosette foldout: interconnected medallions, paths, towers, circular writing, and numerous labels.",pilot-0.1.0
fRos,C,Cosmological,fRos.67,@L0,L,<!5:5>opchees,[note: 5:5] opchees,opchees,1,isolated label or short inscription; paragraph opening; 1 normalized token group. no English lexical value established.,Moderate for form and position; zero validated English semantics,"Label: The Central Enclosure, toward the eastern tower.",Creative reconstruction; not a decipherment or translation,"The large nine-rosette foldout: interconnected medallions, paths, towers, circular writing, and numerous labels.",pilot-0.1.0
fRos,C,Cosmological,fRos.68,@L0,L,<!5:6>opar,[note: 5:6] opar,opar,1,isolated label or short inscription; paragraph opening; 1 normalized token group. opar: line-initial tendency. no English lexical value established.,Moderate for form and position; zero validated English semantics,"Label: The Enclosed Field, toward the northern rosette.",Creative reconstruction; not a decipherment or translation,"The large nine-rosette foldout: interconnected medallions, paths, towers, circular writing, and numerous labels.",pilot-0.1.0
fRos,C,Cosmological,fRos.69,@L0,L,<!5:7>daral,[note: 5:7] daral,daral,1,isolated label or short inscription; paragraph opening; 1 normalized token group. daral: recurrent form. no English lexical value established.,Moderate for form and position; zero validated English semantics,"Label: The Central Enclosure, toward the eastern tower.",Creative reconstruction; not a decipherment or translation,"The large nine-rosette foldout: interconnected medallions, paths, towers, circular writing, and numerous labels.",pilot-0.1.0
fRos,C,Cosmological,fRos.70,@L0,L,<!5:8>otdodar.oedy,[note: 5:8] otdodar oedy,otdodar oedy,2,isolated label or short inscription; paragraph opening; 2 normalized token groups. oedy: productive ending family. no English lexical value established.,Moderate for form and position; zero validated English semantics,"Label: The Enclosed Field, toward the eastern tower.",Creative reconstruction; not a decipherment or translation,"The large nine-rosette foldout: interconnected medallions, paths, towers, circular writing, and numerous labels.",pilot-0.1.0
fRos,C,Cosmological,fRos.71,@L0,L,<!5:9>soshxor.arar,[note: 5:9] soshxor arar,soshxor arar,2,isolated label or short inscription; paragraph opening; 2 normalized token groups. arar: line-final tendency. no English lexical value established.,Moderate for form and position; zero validated English semantics,"Label: The Central Enclosure, toward the northern rosette.",Creative reconstruction; not a decipherment or translation,"The large nine-rosette foldout: interconnected medallions, paths, towers, circular writing, and numerous labels.",pilot-0.1.0
fRos,C,Cosmological,fRos.72,@L0,L,<!5:10>otedain.otedy,[note: 5:10] otedain otedy,otedain otedy,2,isolated label or short inscription; paragraph opening; 2 normalized token groups. otedain: productive ending family; otedy: broad high-frequency form. no English lexical value established.,Moderate for form and position; zero validated English semantics,"Label: The Enclosed Field, toward the western circle.",Creative reconstruction; not a decipherment or translation,"The large nine-rosette foldout: interconnected medallions, paths, towers, circular writing, and numerous labels.",pilot-0.1.0
fRos,C,Cosmological,fRos.73,@L0,L,<!5:11>ytedar.ary,[note: 5:11] ytedar ary,ytedar ary,2,isolated label or short inscription; paragraph opening; 2 normalized token groups. ytedar: recurrent form; ary: line-final tendency. no English lexical value established.,Moderate for form and position; zero validated English semantics,"Label: The Central Enclosure, toward the northern rosette.",Creative reconstruction; not a decipherment or translation,"The large nine-rosette foldout: interconnected medallions, paths, towers, circular writing, and numerous labels.",pilot-0.1.0
fRos,C,Cosmological,fRos.74,@L0,L,<!5:12>opcheda[iin:iir],[note: 5:12] opcheda[iin:iir],opchedaiin,1,isolated label or short inscription; paragraph opening; 1 normalized token group. opchedaiin: productive ending family. no English lexical value established.,Moderate for form and position; zero validated English semantics,"Label: The Inner Rosette, toward the eastern tower.",Creative reconstruction; not a decipherment or translation,"The large nine-rosette foldout: interconnected medallions, paths, towers, circular writing, and numerous labels.",pilot-0.1.0
fRos,C,Cosmological,fRos.75,@L0,L,<!5:13>ols,[note: 5:13] ols,ols,1,isolated label or short inscription; paragraph opening; 1 normalized token group. ols: line-final tendency. no English lexical value established.,Moderate for form and position; zero validated English semantics,"Label: The Central Enclosure, toward the northern rosette.",Creative reconstruction; not a decipherment or translation,"The large nine-rosette foldout: interconnected medallions, paths, towers, circular writing, and numerous labels.",pilot-0.1.0
fRos,C,Cosmological,fRos.76,@L0,L,<!5:14>ypal,[note: 5:14] ypal,ypal,1,isolated label or short inscription; paragraph opening; 1 normalized token group. ypal: recurrent form. no English lexical value established.,Moderate for form and position; zero validated English semantics,"Label: The Marked Face, toward the western circle.",Creative reconstruction; not a decipherment or translation,"The large nine-rosette foldout: interconnected medallions, paths, towers, circular writing, and numerous labels.",pilot-0.1.0
fRos,C,Cosmological,fRos.77,@L0,L,<!5:15>opydsh,[note: 5:15] opydsh,opydsh,1,isolated label or short inscription; paragraph opening; 1 normalized token group. no English lexical value established.,Moderate for form and position; zero validated English semantics,"Label: The Enclosed Field, toward the western circle.",Creative reconstruction; not a decipherment or translation,"The large nine-rosette foldout: interconnected medallions, paths, towers, circular writing, and numerous labels.",pilot-0.1.0
fRos,C,Cosmological,fRos.78,@L0,L,<!5:16>rshy,[note: 5:16] rshy,rshy,1,isolated label or short inscription; paragraph opening; 1 normalized token group. no English lexical value established.,Moderate for form and position; zero validated English semantics,"Label: The Marked Face, toward the western circle.",Creative reconstruction; not a decipherment or translation,"The large nine-rosette foldout: interconnected medallions, paths, towers, circular writing, and numerous labels.",pilot-0.1.0
fRos,C,Cosmological,fRos.79,@L0,L,<!5:17>olz,[note: 5:17] olz,olz,1,isolated label or short inscription; paragraph opening; 1 normalized token group. no English lexical value established.,Moderate for form and position; zero validated English semantics,"Label: The Marked Face, toward the outer wall.",Creative reconstruction; not a decipherment or translation,"The large nine-rosette foldout: interconnected medallions, paths, towers, circular writing, and numerous labels.",pilot-0.1.0
fRos,C,Cosmological,fRos.80,@L0,L,<!5:18>dtedg,[note: 5:18] dtedg,dtedg,1,isolated label or short inscription; paragraph opening; 1 normalized token group. no English lexical value established.,Moderate for form and position; zero validated English semantics,"Label: The Central Enclosure, toward the western circle.",Creative reconstruction; not a decipherment or translation,"The large nine-rosette foldout: interconnected medallions, paths, towers, circular writing, and numerous labels.",pilot-0.1.0
fRos,C,Cosmological,fRos.81,@L0,L,<!5:19>opy,[note: 5:19] opy,opy,1,isolated label or short inscription; paragraph opening; 1 normalized token group. opy: recurrent form. no English lexical value established.,Moderate for form and position; zero validated English semantics,"Label: The Enclosed Field, toward the western circle.",Creative reconstruction; not a decipherment or translation,"The large nine-rosette foldout: interconnected medallions, paths, towers, circular writing, and numerous labels.",pilot-0.1.0
fRos,C,Cosmological,fRos.82,@L0,L,<!5:20>ofdaj,[note: 5:20] ofdaj,ofdaj,1,isolated label or short inscription; paragraph opening; 1 normalized token group. no English lexical value established.,Moderate for form and position; zero validated English semantics,"Label: The Marked Face, toward the lower field.",Creative reconstruction; not a decipherment or translation,"The large nine-rosette foldout: interconnected medallions, paths, towers, circular writing, and numerous labels.",pilot-0.1.0
fRos,C,Cosmological,fRos.83,@L0,L,<!5:21>ddary,[note: 5:21] ddary,ddary,1,isolated label or short inscription; paragraph opening; 1 normalized token group. no English lexical value established.,Moderate for form and position; zero validated English semantics,"Label: The Inner Rosette, toward the outer wall.",Creative reconstruction; not a decipherment or translation,"The large nine-rosette foldout: interconnected medallions, paths, towers, circular writing, and numerous labels.",pilot-0.1.0
fRos,C,Cosmological,fRos.84,@L0,L,<!5:22>ot[o:e]dy,[note: 5:22] ot[o:e]dy,otody,1,isolated label or short inscription; paragraph opening; 1 normalized token group. otody: productive ending family. no English lexical value established.,Moderate for form and position; zero validated English semantics,"Label: The Marked Face, toward the northern rosette.",Creative reconstruction; not a decipherment or translation,"The large nine-rosette foldout: interconnected medallions, paths, towers, circular writing, and numerous labels.",pilot-0.1.0
fRos,C,Cosmological,fRos.85,@L0,L,<!5:23>dairdy,[note: 5:23] dairdy,dairdy,1,isolated label or short inscription; paragraph opening; 1 normalized token group. dairdy: productive ending family. no English lexical value established.,Moderate for form and position; zero validated English semantics,"Label: The Marked Face, toward the western circle.",Creative reconstruction; not a decipherment or translation,"The large nine-rosette foldout: interconnected medallions, paths, towers, circular writing, and numerous labels.",pilot-0.1.0
fRos,C,Cosmological,fRos.86,@L0,L,<!5:24>rody,[note: 5:24] rody,rody,1,isolated label or short inscription; paragraph opening; 1 normalized token group. rody: productive ending family. no English lexical value established.,Moderate for form and position; zero validated English semantics,"Label: The Enclosed Field, toward the outer wall.",Creative reconstruction; not a decipherment or translation,"The large nine-rosette foldout: interconnected medallions, paths, towers, circular writing, and numerous labels.",pilot-0.1.0
fRos,C,Cosmological,fRos.87,@Cc,C,"<!07:30>yke.okees.olchedy.okal,y.dol.otodar.shekal<->olkar.cheykar.shal.qokal.okchr.otar.otody.otody.otody.otas.chfol.okshy.okem.okar.ar.okedy.okedy.okchedy.eeekchedy.ofchdor.qotchdy.kar.chdar,chekolko{iph}",[note: 07:30] yke okees olchedy okal [?break] y dol otodar shekal | olkar cheykar shal qokal okchr otar otody otody otody otas chfol okshy okem okar ar okedy okedy okchedy eeekchedy ofchdor qotchdy kar chdar [?break] chekolko{iph},yke okees olchedy okal y dol otodar shekal olkar cheykar shal qokal okchr otar otody otody otody otas chfol okshy okem okar ar okedy okedy okchedy eeekchedy ofchdor qotchdy kar chdar chekolkoiph,32,"circular text; paragraph opening; 32 normalized token groups. okees: recurrent form; olchedy: productive ending family; okal: broad high-frequency form. within-line repetition: otody, okedy. no English lexical value established.",Moderate for form and position; zero validated English semantics,"From the middle gate, join the outer circuit toward the eastern tower; join it to the eightfold division at the marked opening.",Creative reconstruction; not a decipherment or translation,"The large nine-rosette foldout: interconnected medallions, paths, towers, circular writing, and numerous labels.",pilot-0.1.0
fRos,C,Cosmological,fRos.88,@L0,L,<!8:1>ofary,[note: 8:1] ofary,ofary,1,isolated label or short inscription; paragraph opening; 1 normalized token group. no English lexical value established.,Moderate for form and position; zero validated English semantics,"Label: The Middle Gate, toward the western circle.",Creative reconstruction; not a decipherment or translation,"The large nine-rosette foldout: interconnected medallions, paths, towers, circular writing, and numerous labels.",pilot-0.1.0
fRos,C,Cosmological,fRos.89,@L0,L,<!8:2>okady,[note: 8:2] okady,okady,1,isolated label or short inscription; paragraph opening; 1 normalized token group. okady: productive ending family. no English lexical value established.,Moderate for form and position; zero validated English semantics,"Label: The Central Enclosure, toward the outer wall.",Creative reconstruction; not a decipherment or translation,"The large nine-rosette foldout: interconnected medallions, paths, towers, circular writing, and numerous labels.",pilot-0.1.0
fRos,C,Cosmological,fRos.90,@L0,L,<!8:3>okchdy.kary,[note: 8:3] okchdy kary,okchdy kary,2,isolated label or short inscription; paragraph opening; 2 normalized token groups. okchdy: productive ending family; kary: recurrent form. no English lexical value established.,Moderate for form and position; zero validated English semantics,"Label: The Enclosed Field, toward the lower field.",Creative reconstruction; not a decipherment or translation,"The large nine-rosette foldout: interconnected medallions, paths, towers, circular writing, and numerous labels.",pilot-0.1.0
fRos,C,Cosmological,fRos.91,@L0,L,"<!8:4>oraiin,eey",[note: 8:4] oraiin [?break] eey,oraiin eey,2,isolated label or short inscription; paragraph opening; 2 normalized token groups. oraiin: productive ending family; eey: productive ending family. no English lexical value established.,Moderate for form and position; zero validated English semantics,"Label: The Inner Rosette, toward the western circle.",Creative reconstruction; not a decipherment or translation,"The large nine-rosette foldout: interconnected medallions, paths, towers, circular writing, and numerous labels.",pilot-0.1.0
fRos,C,Cosmological,fRos.92,@L0,L,<!9:3>opodchd[a:?]l,[note: 9:3] opodchd[a:?]l,opodchdal,1,isolated label or short inscription; paragraph opening; 1 normalized token group. no English lexical value established.,Moderate for form and position; zero validated English semantics,"Label: The Central Enclosure, toward the western circle.",Creative reconstruction; not a decipherment or translation,"The large nine-rosette foldout: interconnected medallions, paths, towers, circular writing, and numerous labels.",pilot-0.1.0
fRos,C,Cosmological,fRos.93,@L0,L,<!9:2>dar[ch:ee]dy,[note: 9:2] dar[ch:ee]dy,darchdy,1,isolated label or short inscription; paragraph opening; 1 normalized token group. darchdy: productive ending family. no English lexical value established.,Moderate for form and position; zero validated English semantics,"Label: The Marked Face, toward the northern rosette.",Creative reconstruction; not a decipherment or translation,"The large nine-rosette foldout: interconnected medallions, paths, towers, circular writing, and numerous labels.",pilot-0.1.0
fRos,C,Cosmological,fRos.94,@Cc,C,"<!07:30>otchdaiin.otodar.otedar.otar,odaiin.olkaiin.otl.xasashe.ol.ar.a{ikh}e.chedaiin.ockhedy.shed[a:y].otody.okedal,d.or,aiin.otody.toor.chepar.ol.chckhy.opchdar.o,r.a,r.al.xar.opor.olchedy.okalm.or.afalairidy",[note: 07:30] otchdaiin otodar otedar otar [?break] odaiin olkaiin otl xasashe ol ar a{ikh}e chedaiin ockhedy shed[a:y] otody okedal [?break] d or [?break] aiin otody toor chepar ol chckhy opchdar o [?break] r a [?break] r al xar opor olchedy okalm or afalairidy,otchdaiin otodar otedar otar odaiin olkaiin otl xasashe ol ar aikhe chedaiin ockhedy sheda otody okedal d or aiin otody toor chepar ol chckhy opchdar o r a r al xar opor olchedy okalm or afalairidy,36,"circular text; paragraph opening; 36 normalized token groups. otchdaiin: productive ending family; otodar: recurrent form; otedar: recurrent form. within-line repetition: ol, otody, or. no English lexical value established.",Moderate for form and position; zero validated English semantics,"From the inner rosette, trace the narrow road toward the eastern tower; join it to the returning path through the narrow gate.",Creative reconstruction; not a decipherment or translation,"The large nine-rosette foldout: interconnected medallions, paths, towers, circular writing, and numerous labels.",pilot-0.1.0
fRos,C,Cosmological,fRos.95,@L0,L,<!3:5>okaramal,[note: 3:5] okaramal,okaramal,1,isolated label or short inscription; paragraph opening; 1 normalized token group. no English lexical value established.,Moderate for form and position; zero validated English semantics,"Label: The Central Enclosure, toward the lower field.",Creative reconstruction; not a decipherment or translation,"The large nine-rosette foldout: interconnected medallions, paths, towers, circular writing, and numerous labels.",pilot-0.1.0
fRos,C,Cosmological,fRos.96,@L0,L,<!3:6>opchdy,[note: 3:6] opchdy,opchdy,1,isolated label or short inscription; paragraph opening; 1 normalized token group. opchdy: line-final tendency. no English lexical value established.,Moderate for form and position; zero validated English semantics,"Label: The Marked Face, toward the western circle.",Creative reconstruction; not a decipherment or translation,"The large nine-rosette foldout: interconnected medallions, paths, towers, circular writing, and numerous labels.",pilot-0.1.0
fRos,C,Cosmological,fRos.97,@L0,L,<!3:7>ofdora[m:?],[note: 3:7] ofdora[m:?],ofdoram,1,isolated label or short inscription; paragraph opening; 1 normalized token group. no English lexical value established.,Moderate for form and position; zero validated English semantics,"Label: The Middle Gate, toward the northern rosette.",Creative reconstruction; not a decipherment or translation,"The large nine-rosette foldout: interconnected medallions, paths, towers, circular writing, and numerous labels.",pilot-0.1.0
fRos,C,Cosmological,fRos.98,@L0,L,<!3:8>oda,[note: 3:8] oda,oda,1,isolated label or short inscription; paragraph opening; 1 normalized token group. no English lexical value established.,Moderate for form and position; zero validated English semantics,"Label: The Central Enclosure, toward the eastern tower.",Creative reconstruction; not a decipherment or translation,"The large nine-rosette foldout: interconnected medallions, paths, towers, circular writing, and numerous labels.",pilot-0.1.0
fRos,C,Cosmological,fRos.99,@L0,L,<!3:16>ofchdar,[note: 3:16] ofchdar,ofchdar,1,isolated label or short inscription; paragraph opening; 1 normalized token group. no English lexical value established.,Moderate for form and position; zero validated English semantics,"Label: The Marked Face, toward the outer wall.",Creative reconstruction; not a decipherment or translation,"The large nine-rosette foldout: interconnected medallions, paths, towers, circular writing, and numerous labels.",pilot-0.1.0
fRos,C,Cosmological,fRos.100,@L0,L,<!3:9>otedam,[note: 3:9] otedam,otedam,1,isolated label or short inscription; paragraph opening; 1 normalized token group. otedam: recurrent form. no English lexical value established.,Moderate for form and position; zero validated English semantics,"Label: The Marked Face, toward the lower field.",Creative reconstruction; not a decipherment or translation,"The large nine-rosette foldout: interconnected medallions, paths, towers, circular writing, and numerous labels.",pilot-0.1.0
fRos,C,Cosmological,fRos.101,@L0,L,<!3:10>lokedshs,[note: 3:10] lokedshs,lokedshs,1,isolated label or short inscription; paragraph opening; 1 normalized token group. no English lexical value established.,Moderate for form and position; zero validated English semantics,"Label: The Enclosed Field, toward the eastern tower.",Creative reconstruction; not a decipherment or translation,"The large nine-rosette foldout: interconnected medallions, paths, towers, circular writing, and numerous labels.",pilot-0.1.0
fRos,C,Cosmological,fRos.102,@L0,L,<!3:11>otodar,[note: 3:11] otodar,otodar,1,isolated label or short inscription; paragraph opening; 1 normalized token group. otodar: recurrent form. no English lexical value established.,Moderate for form and position; zero validated English semantics,"Label: The Enclosed Field, toward the lower field.",Creative reconstruction; not a decipherment or translation,"The large nine-rosette foldout: interconnected medallions, paths, towers, circular writing, and numerous labels.",pilot-0.1.0
fRos,C,Cosmological,fRos.103,@L0,L,<!3:12>otedaiin,[note: 3:12] otedaiin,otedaiin,1,isolated label or short inscription; paragraph opening; 1 normalized token group. otedaiin: productive ending family. no English lexical value established.,Moderate for form and position; zero validated English semantics,"Label: The Middle Gate, toward the western circle.",Creative reconstruction; not a decipherment or translation,"The large nine-rosette foldout: interconnected medallions, paths, towers, circular writing, and numerous labels.",pilot-0.1.0
fRos,C,Cosmological,fRos.104,@L0,L,<!3:13>okedy,[note: 3:13] okedy,okedy,1,isolated label or short inscription; paragraph opening; 1 normalized token group. okedy: broad high-frequency form. no English lexical value established.,Moderate for form and position; zero validated English semantics,"Label: The Middle Gate, toward the outer wall.",Creative reconstruction; not a decipherment or translation,"The large nine-rosette foldout: interconnected medallions, paths, towers, circular writing, and numerous labels.",pilot-0.1.0
fRos,C,Cosmological,fRos.105,@L0,L,<!3:14>xoltedy,[note: 3:14] xoltedy,xoltedy,1,isolated label or short inscription; paragraph opening; 1 normalized token group. xoltedy: productive ending family. no English lexical value established.,Moderate for form and position; zero validated English semantics,"Label: The Inner Rosette, toward the eastern tower.",Creative reconstruction; not a decipherment or translation,"The large nine-rosette foldout: interconnected medallions, paths, towers, circular writing, and numerous labels.",pilot-0.1.0
fRos,C,Cosmological,fRos.106,@L0,L,<!3:15>op[ch:a]dam,[note: 3:15] op[ch:a]dam,opchdam,1,isolated label or short inscription; paragraph opening; 1 normalized token group. no English lexical value established.,Moderate for form and position; zero validated English semantics,"Label: The Marked Face, toward the western circle.",Creative reconstruction; not a decipherment or translation,"The large nine-rosette foldout: interconnected medallions, paths, towers, circular writing, and numerous labels.",pilot-0.1.0
fRos,C,Cosmological,fRos.107,@L0,L,"<!3:19>otedy,oporam",[note: 3:19] otedy [?break] oporam,otedy oporam,2,isolated label or short inscription; paragraph opening; 2 normalized token groups. otedy: broad high-frequency form. no English lexical value established.,Moderate for form and position; zero validated English semantics,"Label: The Central Enclosure, toward the outer wall.",Creative reconstruction; not a decipherment or translation,"The large nine-rosette foldout: interconnected medallions, paths, towers, circular writing, and numerous labels.",pilot-0.1.0
fRos,C,Cosmological,fRos.108,@L0,L,<!3:17>ot[ch:?]dy,[note: 3:17] ot[ch:?]dy,otchdy,1,isolated label or short inscription; paragraph opening; 1 normalized token group. otchdy: productive ending family. no English lexical value established.,Moderate for form and position; zero validated English semantics,"Label: The Middle Gate, toward the eastern tower.",Creative reconstruction; not a decipherment or translation,"The large nine-rosette foldout: interconnected medallions, paths, towers, circular writing, and numerous labels.",pilot-0.1.0
fRos,C,Cosmological,fRos.109,+L0,L,<!3:18>otody,[note: 3:18] otody,otody,1,isolated label or short inscription; continuation; 1 normalized token group. otody: productive ending family. no English lexical value established.,Moderate for form and position; zero validated English semantics,"Label: The Marked Face, toward the northern rosette.",Creative reconstruction; not a decipherment or translation,"The large nine-rosette foldout: interconnected medallions, paths, towers, circular writing, and numerous labels.",pilot-0.1.0
fRos,C,Cosmological,fRos.110,/L0,L,<!3:20>chdain,[note: 3:20] chdain,chdain,1,isolated label or short inscription; continuation; 1 normalized token group. chdain: productive ending family. no English lexical value established.,Moderate for form and position; zero validated English semantics,"Label: The Enclosed Field, toward the eastern tower.",Creative reconstruction; not a decipherment or translation,"The large nine-rosette foldout: interconnected medallions, paths, towers, circular writing, and numerous labels.",pilot-0.1.0
fRos,C,Cosmological,fRos.111,+L0,L,<!3:21>oted[y:?],[note: 3:21] oted[y:?],otedy,1,isolated label or short inscription; continuation; 1 normalized token group. otedy: broad high-frequency form. no English lexical value established.,Moderate for form and position; zero validated English semantics,"Label: The Central Enclosure, toward the western circle.",Creative reconstruction; not a decipherment or translation,"The large nine-rosette foldout: interconnected medallions, paths, towers, circular writing, and numerous labels.",pilot-0.1.0
fRos,C,Cosmological,fRos.112,@L0,L,<!left of clock>opa{i'h}efchdy,[note: left of clock] opa{i'h}efchdy,opaihefchdy,1,isolated label or short inscription; paragraph opening; 1 normalized token group. opaihefchdy: productive ending family. no English lexical value established.,Moderate for form and position; zero validated English semantics,"Label: The Central Enclosure, toward the eastern tower.",Creative reconstruction; not a decipherment or translation,"The large nine-rosette foldout: interconnected medallions, paths, towers, circular writing, and numerous labels.",pilot-0.1.0
fRos,C,Cosmological,fRos.113,=Cc,C,"<!above clock><!08:00>sar.odaiin,or",[note: above clock] [note: 08:00] sar odaiin [?break] or,sar odaiin or,3,circular text; paragraph or sequence ending; 3 normalized token groups. sar: broad high-frequency form; odaiin: productive ending family; or: broad high-frequency form. no English lexical value established.,Moderate for form and position; zero validated English semantics,"From the marked face, turn the spiral course toward the western circle; join it to the returning path without crossing the inner band.",Creative reconstruction; not a decipherment or translation,"The large nine-rosette foldout: interconnected medallions, paths, towers, circular writing, and numerous labels.",pilot-0.1.0
fRos,C,Cosmological,fRos.114,+Ca,C,<!below clock><!06:30>o.dar.[aiird:???],[note: below clock] [note: 06:30] o dar [aiird:???],o dar aiird,3,circular text; continuation; 3 normalized token groups. o: broad high-frequency form; dar: broad high-frequency form. no English lexical value established.,Moderate for form and position; zero validated English semantics,"From the central enclosure, trace the narrow road toward the western circle; join it to the first ring at the final division.",Creative reconstruction; not a decipherment or translation,"The large nine-rosette foldout: interconnected medallions, paths, towers, circular writing, and numerous labels.",pilot-0.1.0
fRos,C,Cosmological,fRos.115,=L0,L,<!right of clock>oteoly,[note: right of clock] oteoly,oteoly,1,isolated label or short inscription; paragraph or sequence ending; 1 normalized token group. oteoly: recurrent form. no English lexical value established.,Moderate for form and position; zero validated English semantics,"Label: The Inner Rosette, toward the northern rosette.",Creative reconstruction; not a decipherment or translation,"The large nine-rosette foldout: interconnected medallions, paths, towers, circular writing, and numerous labels.",pilot-0.1.0
fRos,C,Cosmological,fRos.116,@L0,L,<!3:1>ofod[a:y]dy,[note: 3:1] ofod[a:y]dy,ofodady,1,isolated label or short inscription; paragraph opening; 1 normalized token group. ofodady: productive ending family. no English lexical value established.,Moderate for form and position; zero validated English semantics,"Label: The Central Enclosure, toward the eastern tower.",Creative reconstruction; not a decipherment or translation,"The large nine-rosette foldout: interconnected medallions, paths, towers, circular writing, and numerous labels.",pilot-0.1.0
fRos,C,Cosmological,fRos.117,@L0,L,<!3:2>opd[a:y]dy,[note: 3:2] opd[a:y]dy,opdady,1,isolated label or short inscription; paragraph opening; 1 normalized token group. opdady: productive ending family. no English lexical value established.,Moderate for form and position; zero validated English semantics,"Label: The Marked Face, toward the lower field.",Creative reconstruction; not a decipherment or translation,"The large nine-rosette foldout: interconnected medallions, paths, towers, circular writing, and numerous labels.",pilot-0.1.0
fRos,C,Cosmological,fRos.118,@L0,L,<!3:3>otodey,[note: 3:3] otodey,otodey,1,isolated label or short inscription; paragraph opening; 1 normalized token group. otodey: productive ending family. no English lexical value established.,Moderate for form and position; zero validated English semantics,"Label: The Central Enclosure, toward the northern rosette.",Creative reconstruction; not a decipherment or translation,"The large nine-rosette foldout: interconnected medallions, paths, towers, circular writing, and numerous labels.",pilot-0.1.0
fRos,C,Cosmological,fRos.119,@L0,L,<!3:4>otodedy,[note: 3:4] otodedy,otodedy,1,isolated label or short inscription; paragraph opening; 1 normalized token group. otodedy: productive ending family. no English lexical value established.,Moderate for form and position; zero validated English semantics,"Label: The Middle Gate, toward the northern rosette.",Creative reconstruction; not a decipherment or translation,"The large nine-rosette foldout: interconnected medallions, paths, towers, circular writing, and numerous labels.",pilot-0.1.0
fRos,C,Cosmological,fRos.120,@L0,L,<!6:1>opchdain,[note: 6:1] opchdain,opchdain,1,isolated label or short inscription; paragraph opening; 1 normalized token group. opchdain: productive ending family. no English lexical value established.,Moderate for form and position; zero validated English semantics,"Label: The Central Enclosure, toward the eastern tower.",Creative reconstruction; not a decipherment or translation,"The large nine-rosette foldout: interconnected medallions, paths, towers, circular writing, and numerous labels.",pilot-0.1.0
fRos,C,Cosmological,fRos.121,@L0,L,<!6:2>otdar.shed,[note: 6:2] otdar shed,otdar shed,2,isolated label or short inscription; paragraph opening; 2 normalized token groups. shed: recurrent form. no English lexical value established.,Moderate for form and position; zero validated English semantics,"Label: The Central Enclosure, toward the eastern tower.",Creative reconstruction; not a decipherment or translation,"The large nine-rosette foldout: interconnected medallions, paths, towers, circular writing, and numerous labels.",pilot-0.1.0
fRos,C,Cosmological,fRos.122,@Cc,C,"<!06:30>okedar.okody.okair.ched[y:o].opar.ol.keeedy.s,ar,olkchedy.otedaiin.olky.or.aiin.ody.osain.xdar.odaiin.okedal.ol.ar.oekaiin.al,o.saldan.oteedy.otchdaiin.otedy.o[t:k]ar.aiin.yky.odaiin.okal.okalar",[note: 06:30] okedar okody okair ched[y:o] opar ol keeedy s [?break] ar [?break] olkchedy otedaiin olky or aiin ody osain xdar odaiin okedal ol ar oekaiin al [?break] o saldan oteedy otchdaiin otedy o[t:k]ar aiin yky odaiin okal okalar,okedar okody okair chedy opar ol keeedy s ar olkchedy otedaiin olky or aiin ody osain xdar odaiin okedal ol ar oekaiin al o saldan oteedy otchdaiin otedy otar aiin yky odaiin okal okalar,34,"circular text; paragraph opening; 34 normalized token groups. okedar: recurrent form; okody: line-initial tendency; okair: recurrent form. within-line repetition: ol, ar, aiin. no English lexical value established.",Moderate for form and position; zero validated English semantics,"From the middle gate, trace the narrow road toward the outer wall; join it to the first ring without crossing the inner band.",Creative reconstruction; not a decipherment or translation,"The large nine-rosette foldout: interconnected medallions, paths, towers, circular writing, and numerous labels.",pilot-0.1.0
fRos,C,Cosmological,fRos.123,@L0,L,<!6:3>ofaraiin,[note: 6:3] ofaraiin,ofaraiin,1,isolated label or short inscription; paragraph opening; 1 normalized token group. ofaraiin: productive ending family. no English lexical value established.,Moderate for form and position; zero validated English semantics,"Label: The Central Enclosure, toward the eastern tower.",Creative reconstruction; not a decipherment or translation,"The large nine-rosette foldout: interconnected medallions, paths, towers, circular writing, and numerous labels.",pilot-0.1.0
fRos,C,Cosmological,fRos.124,@L0,L,<!6:4>okolar,[note: 6:4] okolar,okolar,1,isolated label or short inscription; paragraph opening; 1 normalized token group. okolar: recurrent form. no English lexical value established.,Moderate for form and position; zero validated English semantics,"Label: The Central Enclosure, toward the western circle.",Creative reconstruction; not a decipherment or translation,"The large nine-rosette foldout: interconnected medallions, paths, towers, circular writing, and numerous labels.",pilot-0.1.0
fRos,C,Cosmological,fRos.125,@L0,L,<!6:5>okchdy,[note: 6:5] okchdy,okchdy,1,isolated label or short inscription; paragraph opening; 1 normalized token group. okchdy: productive ending family. no English lexical value established.,Moderate for form and position; zero validated English semantics,"Label: The Enclosed Field, toward the lower field.",Creative reconstruction; not a decipherment or translation,"The large nine-rosette foldout: interconnected medallions, paths, towers, circular writing, and numerous labels.",pilot-0.1.0
fRos,C,Cosmological,fRos.126,@L0,L,<!6:6>ykedy,[note: 6:6] ykedy,ykedy,1,isolated label or short inscription; paragraph opening; 1 normalized token group. ykedy: productive ending family. no English lexical value established.,Moderate for form and position; zero validated English semantics,"Label: The Central Enclosure, toward the outer wall.",Creative reconstruction; not a decipherment or translation,"The large nine-rosette foldout: interconnected medallions, paths, towers, circular writing, and numerous labels.",pilot-0.1.0
fRos,C,Cosmological,fRos.127,@L0,L,<!6:7>oteedy,[note: 6:7] oteedy,oteedy,1,isolated label or short inscription; paragraph opening; 1 normalized token group. oteedy: broad high-frequency form. no English lexical value established.,Moderate for form and position; zero validated English semantics,"Label: The Central Enclosure, toward the outer wall.",Creative reconstruction; not a decipherment or translation,"The large nine-rosette foldout: interconnected medallions, paths, towers, circular writing, and numerous labels.",pilot-0.1.0
fRos,C,Cosmological,fRos.128,@L0,L,<!6:8>otosaiin,[note: 6:8] otosaiin,otosaiin,1,isolated label or short inscription; paragraph opening; 1 normalized token group. otosaiin: productive ending family. no English lexical value established.,Moderate for form and position; zero validated English semantics,"Label: The Inner Rosette, toward the lower field.",Creative reconstruction; not a decipherment or translation,"The large nine-rosette foldout: interconnected medallions, paths, towers, circular writing, and numerous labels.",pilot-0.1.0
fRos,C,Cosmological,fRos.129,@L0,L,<!6:9>otchdam,[note: 6:9] otchdam,otchdam,1,isolated label or short inscription; paragraph opening; 1 normalized token group. no English lexical value established.,Moderate for form and position; zero validated English semantics,"Label: The Inner Rosette, toward the northern rosette.",Creative reconstruction; not a decipherment or translation,"The large nine-rosette foldout: interconnected medallions, paths, towers, circular writing, and numerous labels.",pilot-0.1.0
fRos,C,Cosmological,fRos.130,@L0,L,<!6:10>[o:?]tedy,[note: 6:10] [o:?]tedy,otedy,1,isolated label or short inscription; paragraph opening; 1 normalized token group. otedy: broad high-frequency form. no English lexical value established.,Moderate for form and position; zero validated English semantics,"Label: The Central Enclosure, toward the western circle.",Creative reconstruction; not a decipherment or translation,"The large nine-rosette foldout: interconnected medallions, paths, towers, circular writing, and numerous labels.",pilot-0.1.0
fRos,C,Cosmological,fRos.131,@L0,L,<!6:11>okar,[note: 6:11] okar,okar,1,isolated label or short inscription; paragraph opening; 1 normalized token group. okar: broad high-frequency form. no English lexical value established.,Moderate for form and position; zero validated English semantics,"Label: The Inner Rosette, toward the eastern tower.",Creative reconstruction; not a decipherment or translation,"The large nine-rosette foldout: interconnected medallions, paths, towers, circular writing, and numerous labels.",pilot-0.1.0
fRos,C,Cosmological,fRos.132,@L0,L,<!6:12>lashalg,[note: 6:12] lashalg,lashalg,1,isolated label or short inscription; paragraph opening; 1 normalized token group. no English lexical value established.,Moderate for form and position; zero validated English semantics,"Label: The Marked Face, toward the northern rosette.",Creative reconstruction; not a decipherment or translation,"The large nine-rosette foldout: interconnected medallions, paths, towers, circular writing, and numerous labels.",pilot-0.1.0
fRos,C,Cosmological,fRos.133,@Cc,C,"<!05:30>ok,ar,ar.okary.otodeed.odar.chekaiin.oees.???<!long gap>.oiin.okees.oiir.odaiin.okalol.aiiin.okal,ol.otar.chchdam.chetey.otodches.oteesey.chckhy.otody.otal.chedal.opal.olkar.okedaiin.oror",[note: 05:30] ok [?break] ar [?break] ar okary otodeed odar chekaiin oees ??? [note: long gap] oiin okees oiir odaiin okalol aiiin okal [?break] ol otar chchdam chetey otodches oteesey chckhy otody otal chedal opal olkar okedaiin oror,ok ar ar okary otodeed odar chekaiin oees oiin okees oiir odaiin okalol aiiin okal ol otar chchdam chetey otodches oteesey chckhy otody otal chedal opal olkar okedaiin oror,29,circular text; paragraph opening; 29 normalized token groups. ok: line-initial tendency; ar: broad high-frequency form; okary: line-initial tendency. within-line repetition: ar. no English lexical value established.,Moderate for form and position; zero validated English semantics,"From the inner rosette, turn the spiral course toward the lower field; join it to the encircling band beside the repeated sign.",Creative reconstruction; not a decipherment or translation,"The large nine-rosette foldout: interconnected medallions, paths, towers, circular writing, and numerous labels.",pilot-0.1.0
fRos,C,Cosmological,fRos.134,@L0,L,<!9:6>o@214;alda,[note: 9:6] o@214;alda,oxalda,1,isolated label or short inscription; paragraph opening; 1 normalized token group. no English lexical value established.,Moderate for form and position; zero validated English semantics,"Label: The Enclosed Field, toward the western circle.",Creative reconstruction; not a decipherment or translation,"The large nine-rosette foldout: interconnected medallions, paths, towers, circular writing, and numerous labels.",pilot-0.1.0
fRos,C,Cosmological,fRos.135,@L0,L,<!9:1>osaram,[note: 9:1] osaram,osaram,1,isolated label or short inscription; paragraph opening; 1 normalized token group. no English lexical value established.,Moderate for form and position; zero validated English semantics,"Label: The Enclosed Field, toward the northern rosette.",Creative reconstruction; not a decipherment or translation,"The large nine-rosette foldout: interconnected medallions, paths, towers, circular writing, and numerous labels.",pilot-0.1.0
fRos,C,Cosmological,fRos.136,@L0,L,<!9:7>oparodam,[note: 9:7] oparodam,oparodam,1,isolated label or short inscription; paragraph opening; 1 normalized token group. no English lexical value established.,Moderate for form and position; zero validated English semantics,"Label: The Middle Gate, toward the eastern tower.",Creative reconstruction; not a decipherment or translation,"The large nine-rosette foldout: interconnected medallions, paths, towers, circular writing, and numerous labels.",pilot-0.1.0
fRos,C,Cosmological,fRos.137,@Pb,P,<!VI><%>otam.opchody.oteey,[note: VI] otam opchody oteey,otam opchody oteey,3,running paragraph text; paragraph opening; 3 normalized token groups. otam: line-final tendency; opchody: productive ending family; oteey: broad high-frequency form. no English lexical value established.,Moderate for form and position; zero validated English semantics,"From the middle gate, measure the narrow road toward the lower field; join it to the first ring at the marked opening.",Creative reconstruction; not a decipherment or translation,"The large nine-rosette foldout: interconnected medallions, paths, towers, circular writing, and numerous labels.",pilot-0.1.0
fRos,C,Cosmological,fRos.138,*Pb,P,?opar.chepchey.oteedy.olaiin.osshy<$>,?opar chepchey oteedy olaiin osshy,opar chepchey oteedy olaiin osshy,5,running paragraph text; paragraph or sequence ending; 5 normalized token groups. opar: line-initial tendency; chepchey: productive ending family; oteedy: broad high-frequency form. no English lexical value established.,Moderate for form and position; zero validated English semantics,"From the enclosed field, carry the spiral course toward the outer wall; join it to the eightfold division without crossing the inner band.",Creative reconstruction; not a decipherment or translation,"The large nine-rosette foldout: interconnected medallions, paths, towers, circular writing, and numerous labels.",pilot-0.1.0
fRos,C,Cosmological,fRos.139,@Pb,P,<!VII><%>tol.ofar.chefaiin.ol,[note: VII] tol ofar chefaiin ol,tol ofar chefaiin ol,4,running paragraph text; paragraph opening; 4 normalized token groups. tol: line-initial tendency; ofar: recurrent form; chefaiin: productive ending family. no English lexical value established.,Moderate for form and position; zero validated English semantics,"From the enclosed field, join the divided channel toward the lower field; join it to the first ring at the final division.",Creative reconstruction; not a decipherment or translation,"The large nine-rosette foldout: interconnected medallions, paths, towers, circular writing, and numerous labels.",pilot-0.1.0
fRos,C,Cosmological,fRos.140,+Pb,P,okchy.qokedy.qokedy,okchy qokedy qokedy,okchy qokedy qokedy,3,running paragraph text; continuation; 3 normalized token groups. okchy: recurrent form; qokedy: broad high-frequency form. within-line repetition: qokedy. no English lexical value established.,Moderate for form and position; zero validated English semantics,"From the marked face, carry the divided channel toward the lower field; join it to the first ring at the marked opening.",Creative reconstruction; not a decipherment or translation,"The large nine-rosette foldout: interconnected medallions, paths, towers, circular writing, and numerous labels.",pilot-0.1.0
fRos,C,Cosmological,fRos.141,+Pb,P,"tol.teoor.o,l,chekor<$>",tol teoor o [?break] l [?break] chekor,tol teoor o l chekor,5,running paragraph text; paragraph or sequence ending; 5 normalized token groups. tol: line-initial tendency; o: broad high-frequency form; l: broad high-frequency form. no English lexical value established.,Moderate for form and position; zero validated English semantics,"From the enclosed field, carry the divided channel toward the lower field; join it to the first ring at the marked opening.",Creative reconstruction; not a decipherment or translation,"The large nine-rosette foldout: interconnected medallions, paths, towers, circular writing, and numerous labels.",pilot-0.1.0
fRos,C,Cosmological,fRos.142,@Pb,P,<!VIII><%>okar.olche[t:k]y.daiin,[note: VIII] okar olche[t:k]y daiin,okar olchety daiin,3,running paragraph text; paragraph opening; 3 normalized token groups. okar: broad high-frequency form; daiin: broad high-frequency form. no English lexical value established.,Moderate for form and position; zero validated English semantics,"From the inner rosette, trace the narrow road toward the eastern tower; join it to the eightfold division at the marked opening.",Creative reconstruction; not a decipherment or translation,"The large nine-rosette foldout: interconnected medallions, paths, towers, circular writing, and numerous labels.",pilot-0.1.0
fRos,C,Cosmological,fRos.143,+Pb,P,ok[?:ee]dy.qokcho.chfady.oro,ok[?:ee]dy qokcho chfady oro,ok dy qokcho chfady oro,5,running paragraph text; continuation; 5 normalized token groups. ok: line-initial tendency; dy: broad high-frequency form; qokcho: productive qo- family. no English lexical value established.,Moderate for form and position; zero validated English semantics,"From the inner rosette, measure the bridged passage toward the eastern tower; join it to the first ring beside the repeated sign.",Creative reconstruction; not a decipherment or translation,"The large nine-rosette foldout: interconnected medallions, paths, towers, circular writing, and numerous labels.",pilot-0.1.0
fRos,C,Cosmological,fRos.144,+Pb,P,okeechy.okol.shee[o:y].tolf[ch:a]d,okeechy okol shee[o:y] tolf[ch:a]d,okeechy okol sheeo tolfchd,4,running paragraph text; continuation; 4 normalized token groups. okol: recurrent form; sheeo: recurrent form. no English lexical value established.,Moderate for form and position; zero validated English semantics,"From the middle gate, measure the spiral course toward the northern rosette; join it to the returning path at the marked opening.",Creative reconstruction; not a decipherment or translation,"The large nine-rosette foldout: interconnected medallions, paths, towers, circular writing, and numerous labels.",pilot-0.1.0
fRos,C,Cosmological,fRos.145,+Pb,P,saiir.shodaiin<$>,saiir shodaiin,saiir shodaiin,2,running paragraph text; paragraph or sequence ending; 2 normalized token groups. saiir: recurrent form; shodaiin: productive ending family. no English lexical value established.,Moderate for form and position; zero validated English semantics,"Label: The Middle Gate, toward the western circle.",Creative reconstruction; not a decipherment or translation,"The large nine-rosette foldout: interconnected medallions, paths, towers, circular writing, and numerous labels.",pilot-0.1.0
fRos,C,Cosmological,fRos.146,@L0,L,<!I>dor,[note: I] dor,dor,1,isolated label or short inscription; paragraph opening; 1 normalized token group. dor: line-initial tendency. no English lexical value established.,Moderate for form and position; zero validated English semantics,"Label: The Central Enclosure, toward the eastern tower.",Creative reconstruction; not a decipherment or translation,"The large nine-rosette foldout: interconnected medallions, paths, towers, circular writing, and numerous labels.",pilot-0.1.0
fRos,C,Cosmological,fRos.147,+L0,L,oky,oky,oky,1,isolated label or short inscription; continuation; 1 normalized token group. oky: broad high-frequency form. no English lexical value established.,Moderate for form and position; zero validated English semantics,"Label: The Marked Face, toward the outer wall.",Creative reconstruction; not a decipherment or translation,"The large nine-rosette foldout: interconnected medallions, paths, towers, circular writing, and numerous labels.",pilot-0.1.0
fRos,C,Cosmological,fRos.148,+L0,L,roo,roo,roo,1,isolated label or short inscription; continuation; 1 normalized token group. no English lexical value established.,Moderate for form and position; zero validated English semantics,"Label: The Middle Gate, toward the eastern tower.",Creative reconstruction; not a decipherment or translation,"The large nine-rosette foldout: interconnected medallions, paths, towers, circular writing, and numerous labels.",pilot-0.1.0
fRos,C,Cosmological,fRos.149,@L0,L,<!II>otol,[note: II] otol,otol,1,isolated label or short inscription; paragraph opening; 1 normalized token group. otol: broad high-frequency form. no English lexical value established.,Moderate for form and position; zero validated English semantics,"Label: The Enclosed Field, toward the eastern tower.",Creative reconstruction; not a decipherment or translation,"The large nine-rosette foldout: interconnected medallions, paths, towers, circular writing, and numerous labels.",pilot-0.1.0
fRos,C,Cosmological,fRos.150,+L0,L,ardas,ardas,ardas,1,isolated label or short inscription; continuation; 1 normalized token group. no English lexical value established.,Moderate for form and position; zero validated English semantics,"Label: The Inner Rosette, toward the outer wall.",Creative reconstruction; not a decipherment or translation,"The large nine-rosette foldout: interconnected medallions, paths, towers, circular writing, and numerous labels.",pilot-0.1.0
fRos,C,Cosmological,fRos.151,+L0,L,"l,chdy",l [?break] chdy,l chdy,2,isolated label or short inscription; continuation; 2 normalized token groups. l: broad high-frequency form; chdy: broad high-frequency form. no English lexical value established.,Moderate for form and position; zero validated English semantics,"Label: The Marked Face, toward the eastern tower.",Creative reconstruction; not a decipherment or translation,"The large nine-rosette foldout: interconnected medallions, paths, towers, circular writing, and numerous labels.",pilot-0.1.0
fRos,C,Cosmological,fRos.152,@L0,L,<!III>oparod,[note: III] oparod,oparod,1,isolated label or short inscription; paragraph opening; 1 normalized token group. no English lexical value established.,Moderate for form and position; zero validated English semantics,"Label: The Marked Face, toward the outer wall.",Creative reconstruction; not a decipherment or translation,"The large nine-rosette foldout: interconnected medallions, paths, towers, circular writing, and numerous labels.",pilot-0.1.0
fRos,C,Cosmological,fRos.153,+L0,L,shckhdy,shckhdy,shckhdy,1,isolated label or short inscription; continuation; 1 normalized token group. shckhdy: productive ending family. no English lexical value established.,Moderate for form and position; zero validated English semantics,"Label: The Middle Gate, toward the western circle.",Creative reconstruction; not a decipherment or translation,"The large nine-rosette foldout: interconnected medallions, paths, towers, circular writing, and numerous labels.",pilot-0.1.0
fRos,C,Cosmological,fRos.154,+L0,L,tshda,tshda,tshda,1,isolated label or short inscription; continuation; 1 normalized token group. no English lexical value established.,Moderate for form and position; zero validated English semantics,"Label: The Enclosed Field, toward the outer wall.",Creative reconstruction; not a decipherment or translation,"The large nine-rosette foldout: interconnected medallions, paths, towers, circular writing, and numerous labels.",pilot-0.1.0
fRos,C,Cosmological,fRos.155,@L0,L,<!IV>opchd,[note: IV] opchd,opchd,1,isolated label or short inscription; paragraph opening; 1 normalized token group. no English lexical value established.,Moderate for form and position; zero validated English semantics,"Label: The Central Enclosure, toward the lower field.",Creative reconstruction; not a decipherment or translation,"The large nine-rosette foldout: interconnected medallions, paths, towers, circular writing, and numerous labels.",pilot-0.1.0
fRos,C,Cosmological,fRos.156,+L0,L,opchdy,opchdy,opchdy,1,isolated label or short inscription; continuation; 1 normalized token group. opchdy: line-final tendency. no English lexical value established.,Moderate for form and position; zero validated English semantics,"Label: The Marked Face, toward the western circle.",Creative reconstruction; not a decipherment or translation,"The large nine-rosette foldout: interconnected medallions, paths, towers, circular writing, and numerous labels.",pilot-0.1.0
fRos,C,Cosmological,fRos.157,+L0,L,qokal,qokal,qokal,1,isolated label or short inscription; continuation; 1 normalized token group. qokal: broad high-frequency form. no English lexical value established.,Moderate for form and position; zero validated English semantics,"Label: The Inner Rosette, toward the outer wall.",Creative reconstruction; not a decipherment or translation,"The large nine-rosette foldout: interconnected medallions, paths, towers, circular writing, and numerous labels.",pilot-0.1.0
fRos,C,Cosmological,fRos.158,@L0,L,<!V>shet[?:a],[note: V] shet[?:a],shet,1,isolated label or short inscription; paragraph opening; 1 normalized token group. shet: recurrent form. no English lexical value established.,Moderate for form and position; zero validated English semantics,"Label: The Middle Gate, toward the northern rosette.",Creative reconstruction; not a decipherment or translation,"The large nine-rosette foldout: interconnected medallions, paths, towers, circular writing, and numerous labels.",pilot-0.1.0
fRos,C,Cosmological,fRos.159,+L0,L,opchsy,opchsy,opchsy,1,isolated label or short inscription; continuation; 1 normalized token group. no English lexical value established.,Moderate for form and position; zero validated English semantics,"Label: The Middle Gate, toward the northern rosette.",Creative reconstruction; not a decipherment or translation,"The large nine-rosette foldout: interconnected medallions, paths, towers, circular writing, and numerous labels.",pilot-0.1.0
fRos,C,Cosmological,fRos.160,+L0,L,che[?:o]ky,che[?:o]ky,che ky,2,isolated label or short inscription; continuation; 2 normalized token groups. che: recurrent form; ky: recurrent form. no English lexical value established.,Moderate for form and position; zero validated English semantics,"Label: The Enclosed Field, toward the eastern tower.",Creative reconstruction; not a decipherment or translation,"The large nine-rosette foldout: interconnected medallions, paths, towers, circular writing, and numerous labels.",pilot-0.1.0
f88r,P,Pharmaceutical,f88r.1,@Lc,L,otorchety,otorchety,otorchety,1,isolated label or short inscription; paragraph opening; 1 normalized token group. no English lexical value established.,Moderate for form and position; zero validated English semantics,Label: The Root of the dried fragment.,Creative reconstruction; not a decipherment or translation,"A pharmaceutical page with rows of roots or plant parts, short labels, and paragraph blocks.",pilot-0.1.0
f88r,P,Pharmaceutical,f88r.2,@Lf,L,osal,osal,osal,1,isolated label or short inscription; paragraph opening; 1 normalized token group. osal: recurrent form. no English lexical value established.,Moderate for form and position; zero validated English semantics,Label: The Flower Head of the dried fragment.,Creative reconstruction; not a decipherment or translation,"A pharmaceutical page with rows of roots or plant parts, short labels, and paragraph blocks.",pilot-0.1.0
f88r,P,Pharmaceutical,f88r.3,@Lf,L,orald,orald,orald,1,isolated label or short inscription; paragraph opening; 1 normalized token group. no English lexical value established.,Moderate for form and position; zero validated English semantics,Label: The Flower Head of the red-rooted plant.,Creative reconstruction; not a decipherment or translation,"A pharmaceutical page with rows of roots or plant parts, short labels, and paragraph blocks.",pilot-0.1.0
f88r,P,Pharmaceutical,f88r.4,@Lf,L,oldar,oldar,oldar,1,isolated label or short inscription; paragraph opening; 1 normalized token group. oldar: recurrent form. no English lexical value established.,Moderate for form and position; zero validated English semantics,Label: The Seed Cluster of the red-rooted plant.,Creative reconstruction; not a decipherment or translation,"A pharmaceutical page with rows of roots or plant parts, short labels, and paragraph blocks.",pilot-0.1.0
f88r,P,Pharmaceutical,f88r.5,@Lf,L,otoky,otoky,otoky,1,isolated label or short inscription; paragraph opening; 1 normalized token group. otoky: recurrent form. no English lexical value established.,Moderate for form and position; zero validated English semantics,Label: The Flower Head of the broad-leaved herb.,Creative reconstruction; not a decipherment or translation,"A pharmaceutical page with rows of roots or plant parts, short labels, and paragraph blocks.",pilot-0.1.0
f88r,P,Pharmaceutical,f88r.6,@Lf,L,otaly,otaly,otaly,1,isolated label or short inscription; paragraph opening; 1 normalized token group. otaly: line-initial tendency. no English lexical value established.,Moderate for form and position; zero validated English semantics,Label: The Root of the aromatic plant.,Creative reconstruction; not a decipherment or translation,"A pharmaceutical page with rows of roots or plant parts, short labels, and paragraph blocks.",pilot-0.1.0
f88r,P,Pharmaceutical,f88r.7,@P0,P,<%>dorsheoy.ctheol.qockhey.dory.sheor.sholfchor.dal.chcthol,dorsheoy ctheol qockhey dory sheor sholfchor dal chcthol,dorsheoy ctheol qockhey dory sheor sholfchor dal chcthol,8,running paragraph text; paragraph opening; 8 normalized token groups. ctheol: section-concentrated form; qockhey: productive qo- family; dory: recurrent form. no English lexical value established.,Moderate for form and position; zero validated English semantics,Separate the flower head of the aromatic plant with clear water; place it in the covered vessel under a tight cover.,Creative reconstruction; not a decipherment or translation,"A pharmaceutical page with rows of roots or plant parts, short labels, and paragraph blocks.",pilot-0.1.0
f88r,P,Pharmaceutical,f88r.8,+P0,P,"[r:s]al,sheom.keol,chear.shekor.qokor.daiin.sar.s,aiin.oky.sam",[r:s]al [?break] sheom keol [?break] chear shekor qokor daiin sar s [?break] aiin oky sam,ral sheom keol chear shekor qokor daiin sar s aiin oky sam,12,running paragraph text; continuation; 12 normalized token groups. ral: line-final tendency; sheom: recurrent form; keol: recurrent form. no English lexical value established.,Moderate for form and position; zero validated English semantics,Separate the flower head of the dried fragment with honey; place it in the tall jar until needed.,Creative reconstruction; not a decipherment or translation,"A pharmaceutical page with rows of roots or plant parts, short labels, and paragraph blocks.",pilot-0.1.0
f88r,P,Pharmaceutical,f88r.9,+P0,P,oain.or.om.otam.okeom.cheeor.qokeody.dar.or.om.cheody,oain or om otam okeom cheeor qokeody dar or om cheody,oain or om otam okeom cheeor qokeody dar or om cheody,11,"running paragraph text; continuation; 11 normalized token groups. oain: line-initial tendency; or: broad high-frequency form; om: line-final tendency. within-line repetition: or, om. no English lexical value established.",Moderate for form and position; zero validated English semantics,Cut the root of the red-rooted plant with honey; place it in the narrow-necked pot under a tight cover.,Creative reconstruction; not a decipherment or translation,"A pharmaceutical page with rows of roots or plant parts, short labels, and paragraph blocks.",pilot-0.1.0
f88r,P,Pharmaceutical,f88r.10,+P0,P,qokeol.cheol.saiin.cheos.cheol.doleeey.or.cheom.cheo[j:m]am,qokeol cheol saiin cheos cheol doleeey or cheom cheo[j:m]am,qokeol cheol saiin cheos cheol doleeey or cheom cheojam,9,running paragraph text; continuation; 9 normalized token groups. qokeol: productive qo- family; cheol: broad high-frequency form; saiin: broad high-frequency form. within-line repetition: cheol. no English lexical value established.,Moderate for form and position; zero validated English semantics,Store the seed cluster of the dried fragment with clear water; place it in the tall jar away from direct heat.,Creative reconstruction; not a decipherment or translation,"A pharmaceutical page with rows of roots or plant parts, short labels, and paragraph blocks.",pilot-0.1.0
f88r,P,Pharmaceutical,f88r.11,+P0,P,yokeody.cheom.qoor.cheeb.ykeor.shy.sam<$>,yokeody cheom qoor cheeb ykeor shy sam,yokeody cheom qoor cheeb ykeor shy sam,7,running paragraph text; paragraph or sequence ending; 7 normalized token groups. yokeody: productive ending family; cheom: recurrent form; qoor: section-concentrated form. no English lexical value established.,Moderate for form and position; zero validated English semantics,Steep the seed cluster of the aromatic plant with salted water; place it in the sealed flask under a tight cover.,Creative reconstruction; not a decipherment or translation,"A pharmaceutical page with rows of roots or plant parts, short labels, and paragraph blocks.",pilot-0.1.0
f88r,P,Pharmaceutical,f88r.12,@Lc,L,otaldy,otaldy,otaldy,1,isolated label or short inscription; paragraph opening; 1 normalized token group. otaldy: productive ending family. no English lexical value established.,Moderate for form and position; zero validated English semantics,Label: The Powdered Bark of the red-rooted plant.,Creative reconstruction; not a decipherment or translation,"A pharmaceutical page with rows of roots or plant parts, short labels, and paragraph blocks.",pilot-0.1.0
f88r,P,Pharmaceutical,f88r.13,@Lf,L,oram,oram,oram,1,isolated label or short inscription; paragraph opening; 1 normalized token group. oram: line-final tendency. no English lexical value established.,Moderate for form and position; zero validated English semantics,Label: The Seed Cluster of the bitter herb.,Creative reconstruction; not a decipherment or translation,"A pharmaceutical page with rows of roots or plant parts, short labels, and paragraph blocks.",pilot-0.1.0
f88r,P,Pharmaceutical,f88r.14,@Lf,L,dary,dary,dary,1,isolated label or short inscription; paragraph opening; 1 normalized token group. dary: line-final tendency. no English lexical value established.,Moderate for form and position; zero validated English semantics,Label: The Powdered Bark of the broad-leaved herb.,Creative reconstruction; not a decipherment or translation,"A pharmaceutical page with rows of roots or plant parts, short labels, and paragraph blocks.",pilot-0.1.0
f88r,P,Pharmaceutical,f88r.15,@Lf,L,okol,okol,okol,1,isolated label or short inscription; paragraph opening; 1 normalized token group. okol: recurrent form. no English lexical value established.,Moderate for form and position; zero validated English semantics,Label: The Root of the dried fragment.,Creative reconstruction; not a decipherment or translation,"A pharmaceutical page with rows of roots or plant parts, short labels, and paragraph blocks.",pilot-0.1.0
f88r,P,Pharmaceutical,f88r.16,@Lf,L,sorory,sorory,sorory,1,isolated label or short inscription; paragraph opening; 1 normalized token group. no English lexical value established.,Moderate for form and position; zero validated English semantics,Label: The Powdered Bark of the red-rooted plant.,Creative reconstruction; not a decipherment or translation,"A pharmaceutical page with rows of roots or plant parts, short labels, and paragraph blocks.",pilot-0.1.0
f88r,P,Pharmaceutical,f88r.17,@Lf,L,otyda,otyda,otyda,1,isolated label or short inscription; paragraph opening; 1 normalized token group. no English lexical value established.,Moderate for form and position; zero validated English semantics,Label: The Peeled Stem of the dried fragment.,Creative reconstruction; not a decipherment or translation,"A pharmaceutical page with rows of roots or plant parts, short labels, and paragraph blocks.",pilot-0.1.0
f88r,P,Pharmaceutical,f88r.18,@P0,P,<%>koa{iphh}y.cphol.orchor.pcheoly.otchol.oldy.salsaly,koa{iphh}y cphol orchor pcheoly otchol oldy salsaly,koaiphhy cphol orchor pcheoly otchol oldy salsaly,7,running paragraph text; paragraph opening; 7 normalized token groups. cphol: recurrent form; otchol: line-initial tendency; oldy: line-final tendency. no English lexical value established.,Moderate for form and position; zero validated English semantics,Store the root of the aromatic plant with vinegar; place it in the narrow-necked pot after the moisture has gone.,Creative reconstruction; not a decipherment or translation,"A pharmaceutical page with rows of roots or plant parts, short labels, and paragraph blocks.",pilot-0.1.0
f88r,P,Pharmaceutical,f88r.19,+P0,P,dchey.chokol.daiin.qoekol.qoekol.qockhol.okol.cheol,dchey chokol daiin qoekol qoekol qockhol okol cheol,dchey chokol daiin qoekol qoekol qockhol okol cheol,8,running paragraph text; continuation; 8 normalized token groups. dchey: line-initial tendency; chokol: recurrent form; daiin: broad high-frequency form. within-line repetition: qoekol. no English lexical value established.,Moderate for form and position; zero validated English semantics,Bind the seed cluster of the dried fragment with clear water; place it in the tall jar until needed.,Creative reconstruction; not a decipherment or translation,"A pharmaceutical page with rows of roots or plant parts, short labels, and paragraph blocks.",pilot-0.1.0
f88r,P,Pharmaceutical,f88r.20,+P0,P,"dsheol.qokeey.s.chy.s,aiin.chor.oteor.aiin.chosals",dsheol qokeey s chy s [?break] aiin chor oteor aiin chosals,dsheol qokeey s chy s aiin chor oteor aiin chosals,10,"running paragraph text; continuation; 10 normalized token groups. dsheol: recurrent form; qokeey: broad high-frequency form; s: broad high-frequency form. within-line repetition: s, aiin. no English lexical value established.",Moderate for form and position; zero validated English semantics,Separate the seed cluster of the aromatic plant with warm oil; place it in the second container until needed.,Creative reconstruction; not a decipherment or translation,"A pharmaceutical page with rows of roots or plant parts, short labels, and paragraph blocks.",pilot-0.1.0
f88r,P,Pharmaceutical,f88r.21,+P0,P,teol.chor.olsheody.qokeol.sho{ikh}y.ol.sheeol.sheoldg,teol chor olsheody qokeol sho{ikh}y ol sheeol sheoldg,teol chor olsheody qokeol shoikhy ol sheeol sheoldg,8,running paragraph text; continuation; 8 normalized token groups. teol: recurrent form; chor: broad high-frequency form; olsheody: productive ending family. no English lexical value established.,Moderate for form and position; zero validated English semantics,Grind the peeled stem of the broad-leaved herb with warm oil; place it in the tall jar after the moisture has gone.,Creative reconstruction; not a decipherment or translation,"A pharmaceutical page with rows of roots or plant parts, short labels, and paragraph blocks.",pilot-0.1.0
f88r,P,Pharmaceutical,f88r.22,+P0,P,ychey.okaiin.chol.cheor.ol.chorcholsal<$>,ychey okaiin chol cheor ol chorcholsal,ychey okaiin chol cheor ol chorcholsal,6,running paragraph text; paragraph or sequence ending; 6 normalized token groups. ychey: line-initial tendency; okaiin: broad high-frequency form; chol: broad high-frequency form. no English lexical value established.,Moderate for form and position; zero validated English semantics,Dry the root of the red-rooted plant with clear water; place it in the second container for one complete cycle.,Creative reconstruction; not a decipherment or translation,"A pharmaceutical page with rows of roots or plant parts, short labels, and paragraph blocks.",pilot-0.1.0
f88r,P,Pharmaceutical,f88r.23,@Lc,L,ofyskydal,ofyskydal,ofyskydal,1,isolated label or short inscription; paragraph opening; 1 normalized token group. no English lexical value established.,Moderate for form and position; zero validated English semantics,Label: The Seed Cluster of the broad-leaved herb.,Creative reconstruction; not a decipherment or translation,"A pharmaceutical page with rows of roots or plant parts, short labels, and paragraph blocks.",pilot-0.1.0
f88r,P,Pharmaceutical,f88r.24,@Lf,L,"otor,am",otor [?break] am,otor am,2,isolated label or short inscription; paragraph opening; 2 normalized token groups. otor: recurrent form; am: broad high-frequency form. no English lexical value established.,Moderate for form and position; zero validated English semantics,Label: The Leaf of the broad-leaved herb.,Creative reconstruction; not a decipherment or translation,"A pharmaceutical page with rows of roots or plant parts, short labels, and paragraph blocks.",pilot-0.1.0
f88r,P,Pharmaceutical,f88r.25,@Lf,L,ofaldo,ofaldo,ofaldo,1,isolated label or short inscription; paragraph opening; 1 normalized token group. no English lexical value established.,Moderate for form and position; zero validated English semantics,Label: The Seed Cluster of the dried fragment.,Creative reconstruction; not a decipherment or translation,"A pharmaceutical page with rows of roots or plant parts, short labels, and paragraph blocks.",pilot-0.1.0
f88r,P,Pharmaceutical,f88r.26,@P0,P,<%>poeear.sheoky.olkeey.cthol.poldy.s<->okoldy,poeear sheoky olkeey cthol poldy s | okoldy,poeear sheoky olkeey cthol poldy s okoldy,7,running paragraph text; paragraph opening; 7 normalized token groups. sheoky: recurrent form; olkeey: productive ending family; cthol: recurrent form. no English lexical value established.,Moderate for form and position; zero validated English semantics,Separate the flower head of the red-rooted plant with clear water; place it in the narrow-necked pot away from direct heat.,Creative reconstruction; not a decipherment or translation,"A pharmaceutical page with rows of roots or plant parts, short labels, and paragraph blocks.",pilot-0.1.0
f88r,P,Pharmaceutical,f88r.27,+P0,P,qokol.chol.qokol.qokol.chol.cheey.or.aiin.oldal,qokol chol qokol qokol chol cheey or aiin oldal,qokol chol qokol qokol chol cheey or aiin oldal,9,"running paragraph text; continuation; 9 normalized token groups. qokol: broad high-frequency form; chol: broad high-frequency form; cheey: broad high-frequency form. within-line repetition: qokol, chol. no English lexical value established.",Moderate for form and position; zero validated English semantics,Mix the powdered bark of the red-rooted plant with vinegar; place it in the tall jar for one complete cycle.,Creative reconstruction; not a decipherment or translation,"A pharmaceutical page with rows of roots or plant parts, short labels, and paragraph blocks.",pilot-0.1.0
f88r,P,Pharmaceutical,f88r.28,+P0,P,"ykar.cheol.chol.chey.ckhey.s,or.shear.ar,alsy",ykar cheol chol chey ckhey s [?break] or shear ar [?break] alsy,ykar cheol chol chey ckhey s or shear ar alsy,10,running paragraph text; continuation; 10 normalized token groups. ykar: recurrent form; cheol: broad high-frequency form; chol: broad high-frequency form. no English lexical value established.,Moderate for form and position; zero validated English semantics,Bind the seed cluster of the red-rooted plant with vinegar; place it in the sealed flask away from direct heat.,Creative reconstruction; not a decipherment or translation,"A pharmaceutical page with rows of roots or plant parts, short labels, and paragraph blocks.",pilot-0.1.0
f88r,P,Pharmaceutical,f88r.29,+P0,P,"kor,chey.qokol.cheol.chody.qokol.kchor.chol,dal",kor [?break] chey qokol cheol chody qokol kchor chol [?break] dal,kor chey qokol cheol chody qokol kchor chol dal,9,running paragraph text; continuation; 9 normalized token groups. kor: recurrent form; chey: broad high-frequency form; qokol: broad high-frequency form. within-line repetition: qokol. no English lexical value established.,Moderate for form and position; zero validated English semantics,Steep the powdered bark of the red-rooted plant with wine; place it in the second container under a tight cover.,Creative reconstruction; not a decipherment or translation,"A pharmaceutical page with rows of roots or plant parts, short labels, and paragraph blocks.",pilot-0.1.0
f88r,P,Pharmaceutical,f88r.30,+P0,P,ykeeey.cheor.cheotey.cheol.qokeor.chetchy.ofal,ykeeey cheor cheotey cheol qokeor chetchy ofal,ykeeey cheor cheotey cheol qokeor chetchy ofal,7,running paragraph text; continuation; 7 normalized token groups. ykeeey: productive ending family; cheor: broad high-frequency form; cheotey: productive ending family. no English lexical value established.,Moderate for form and position; zero validated English semantics,Dry the flower head of the aromatic plant with wine; place it in the tall jar away from direct heat.,Creative reconstruction; not a decipherment or translation,"A pharmaceutical page with rows of roots or plant parts, short labels, and paragraph blocks.",pilot-0.1.0
f88r,P,Pharmaceutical,f88r.31,+P0,P,dar.chear.chol.dol.qoekeor.cheom<$>,dar chear chol dol qoekeor cheom,dar chear chol dol qoekeor cheom,6,running paragraph text; paragraph or sequence ending; 6 normalized token groups. dar: broad high-frequency form; chear: recurrent form; chol: broad high-frequency form. no English lexical value established.,Moderate for form and position; zero validated English semantics,Steep the seed cluster of the red-rooted plant with clear water; place it in the second container away from direct heat.,Creative reconstruction; not a decipherment or translation,"A pharmaceutical page with rows of roots or plant parts, short labels, and paragraph blocks.",pilot-0.1.0
f99r,P,Pharmaceutical,f99r.1,@Lc,L,<!68a>okaradag,[note: 68a] okaradag,okaradag,1,isolated label or short inscription; paragraph opening; 1 normalized token group. no English lexical value established.,Moderate for form and position; zero validated English semantics,Label: The Seed Cluster of the dried fragment.,Creative reconstruction; not a decipherment or translation,"A pharmaceutical inventory-like page with containers, plant fragments, and many short labels.",pilot-0.1.0
f99r,P,Pharmaceutical,f99r.2,@Lf,L,"<!68b>okar,y",[note: 68b] okar [?break] y,okar y,2,isolated label or short inscription; paragraph opening; 2 normalized token groups. okar: broad high-frequency form; y: broad high-frequency form. no English lexical value established.,Moderate for form and position; zero validated English semantics,Label: The Peeled Stem of the dried fragment.,Creative reconstruction; not a decipherment or translation,"A pharmaceutical inventory-like page with containers, plant fragments, and many short labels.",pilot-0.1.0
f99r,P,Pharmaceutical,f99r.3,@Lf,L,<!69>darar,[note: 69] darar,darar,1,isolated label or short inscription; paragraph opening; 1 normalized token group. no English lexical value established.,Moderate for form and position; zero validated English semantics,Label: The Flower Head of the broad-leaved herb.,Creative reconstruction; not a decipherment or translation,"A pharmaceutical inventory-like page with containers, plant fragments, and many short labels.",pilot-0.1.0
f99r,P,Pharmaceutical,f99r.4,@Lf,L,<!70>oky,[note: 70] oky,oky,1,isolated label or short inscription; paragraph opening; 1 normalized token group. oky: broad high-frequency form. no English lexical value established.,Moderate for form and position; zero validated English semantics,Label: The Seed Cluster of the broad-leaved herb.,Creative reconstruction; not a decipherment or translation,"A pharmaceutical inventory-like page with containers, plant fragments, and many short labels.",pilot-0.1.0
f99r,P,Pharmaceutical,f99r.5,@Lf,L,<!71>salo,[note: 71] salo,salo,1,isolated label or short inscription; paragraph opening; 1 normalized token group. no English lexical value established.,Moderate for form and position; zero validated English semantics,Label: The Root of the bitter herb.,Creative reconstruction; not a decipherment or translation,"A pharmaceutical inventory-like page with containers, plant fragments, and many short labels.",pilot-0.1.0
f99r,P,Pharmaceutical,f99r.6,@Lf,L,<!72>aro,[note: 72] aro,aro,1,isolated label or short inscription; paragraph opening; 1 normalized token group. no English lexical value established.,Moderate for form and position; zero validated English semantics,Label: The Flower Head of the dried fragment.,Creative reconstruction; not a decipherment or translation,"A pharmaceutical inventory-like page with containers, plant fragments, and many short labels.",pilot-0.1.0
f99r,P,Pharmaceutical,f99r.7,+Lf,L,<!72>ain,[note: 72] ain,ain,1,isolated label or short inscription; continuation; 1 normalized token group. ain: broad high-frequency form. no English lexical value established.,Moderate for form and position; zero validated English semantics,Label: The Peeled Stem of the red-rooted plant.,Creative reconstruction; not a decipherment or translation,"A pharmaceutical inventory-like page with containers, plant fragments, and many short labels.",pilot-0.1.0
f99r,P,Pharmaceutical,f99r.8,@Lf,L,<!73>okor,[note: 73] okor,okor,1,isolated label or short inscription; paragraph opening; 1 normalized token group. okor: recurrent form. no English lexical value established.,Moderate for form and position; zero validated English semantics,Label: The Flower Head of the dried fragment.,Creative reconstruction; not a decipherment or translation,"A pharmaceutical inventory-like page with containers, plant fragments, and many short labels.",pilot-0.1.0
f99r,P,Pharmaceutical,f99r.9,@Lf,L,<!74>ralol,[note: 74] ralol,ralol,1,isolated label or short inscription; paragraph opening; 1 normalized token group. no English lexical value established.,Moderate for form and position; zero validated English semantics,Label: The Flower Head of the broad-leaved herb.,Creative reconstruction; not a decipherment or translation,"A pharmaceutical inventory-like page with containers, plant fragments, and many short labels.",pilot-0.1.0
f99r,P,Pharmaceutical,f99r.10,@Lf,L,<!75>skeeal,[note: 75] skeeal,skeeal,1,isolated label or short inscription; paragraph opening; 1 normalized token group. no English lexical value established.,Moderate for form and position; zero validated English semantics,Label: The Peeled Stem of the aromatic plant.,Creative reconstruction; not a decipherment or translation,"A pharmaceutical inventory-like page with containers, plant fragments, and many short labels.",pilot-0.1.0
f99r,P,Pharmaceutical,f99r.11,@Lf,L,<!76>okary,[note: 76] okary,okary,1,isolated label or short inscription; paragraph opening; 1 normalized token group. okary: line-initial tendency. no English lexical value established.,Moderate for form and position; zero validated English semantics,Label: The Seed Cluster of the dried fragment.,Creative reconstruction; not a decipherment or translation,"A pharmaceutical inventory-like page with containers, plant fragments, and many short labels.",pilot-0.1.0
f99r,P,Pharmaceutical,f99r.12,@Lf,L,<!77>okolo,[note: 77] okolo,okolo,1,isolated label or short inscription; paragraph opening; 1 normalized token group. no English lexical value established.,Moderate for form and position; zero validated English semantics,Label: The Flower Head of the red-rooted plant.,Creative reconstruction; not a decipherment or translation,"A pharmaceutical inventory-like page with containers, plant fragments, and many short labels.",pilot-0.1.0
f99r,P,Pharmaceutical,f99r.13,@Lf,L,<!78>otalam,[note: 78] otalam,otalam,1,isolated label or short inscription; paragraph opening; 1 normalized token group. otalam: recurrent form. no English lexical value established.,Moderate for form and position; zero validated English semantics,Label: The Root of the bitter herb.,Creative reconstruction; not a decipherment or translation,"A pharmaceutical inventory-like page with containers, plant fragments, and many short labels.",pilot-0.1.0
f99r,P,Pharmaceutical,f99r.14,@Lf,L,<!79>otoldy,[note: 79] otoldy,otoldy,1,isolated label or short inscription; paragraph opening; 1 normalized token group. otoldy: line-initial tendency. no English lexical value established.,Moderate for form and position; zero validated English semantics,Label: The Powdered Bark of the aromatic plant.,Creative reconstruction; not a decipherment or translation,"A pharmaceutical inventory-like page with containers, plant fragments, and many short labels.",pilot-0.1.0
f99r,P,Pharmaceutical,f99r.15,@P0,P,<%>pcheody.oteody.<!gap>daiin.cpheey.tshol.dal.cfheol.olaiin.sar,pcheody oteody [note: gap] daiin cpheey tshol dal cfheol olaiin sar,pcheody oteody daiin cpheey tshol dal cfheol olaiin sar,9,running paragraph text; paragraph opening; 9 normalized token groups. pcheody: productive ending family; oteody: productive ending family; daiin: broad high-frequency form. no English lexical value established.,Moderate for form and position; zero validated English semantics,Grind the seed cluster of the dried fragment with honey; place it in the tall jar until needed.,Creative reconstruction; not a decipherment or translation,"A pharmaceutical inventory-like page with containers, plant fragments, and many short labels.",pilot-0.1.0
f99r,P,Pharmaceutical,f99r.16,+P0,P,"saroshy.shor.s,shor.sheol.kolsheol.qoeol.sholkol.ckhol.ckhory",saroshy shor s [?break] shor sheol kolsheol qoeol sholkol ckhol ckhory,saroshy shor s shor sheol kolsheol qoeol sholkol ckhol ckhory,10,running paragraph text; continuation; 10 normalized token groups. shor: broad high-frequency form; s: broad high-frequency form; sheol: broad high-frequency form. within-line repetition: shor. no English lexical value established.,Moderate for form and position; zero validated English semantics,Separate the flower head of the aromatic plant with salted water; place it in the tall jar for one complete cycle.,Creative reconstruction; not a decipherment or translation,"A pharmaceutical inventory-like page with containers, plant fragments, and many short labels.",pilot-0.1.0
f99r,P,Pharmaceutical,f99r.17,+P0,P,dcheor.chr.al.yckhy.okeol.ckhor.oraiin.chor.qokeeor.chory,dcheor chr al yckhy okeol ckhor oraiin chor qokeeor chory,dcheor chr al yckhy okeol ckhor oraiin chor qokeeor chory,10,running paragraph text; continuation; 10 normalized token groups. dcheor: recurrent form; chr: recurrent form; al: broad high-frequency form. no English lexical value established.,Moderate for form and position; zero validated English semantics,Steep the leaf of the bitter herb with warm oil; place it in the tall jar until needed.,Creative reconstruction; not a decipherment or translation,"A pharmaceutical inventory-like page with containers, plant fragments, and many short labels.",pilot-0.1.0
f99r,P,Pharmaceutical,f99r.18,+P0,P,qokeor.chol.ykol.cheey.chody.ckhol.daiin.okeoly.daiin.ckhy<$>,qokeor chol ykol cheey chody ckhol daiin okeoly daiin ckhy,qokeor chol ykol cheey chody ckhol daiin okeoly daiin ckhy,10,running paragraph text; paragraph or sequence ending; 10 normalized token groups. qokeor: productive qo- family; chol: broad high-frequency form; ykol: recurrent form. within-line repetition: daiin. no English lexical value established.,Moderate for form and position; zero validated English semantics,Cut the powdered bark of the aromatic plant with wine; place it in the second container under a tight cover.,Creative reconstruction; not a decipherment or translation,"A pharmaceutical inventory-like page with containers, plant fragments, and many short labels.",pilot-0.1.0
f99r,P,Pharmaceutical,f99r.19,@Lc,L,<!80a>oparal,[note: 80a] oparal,oparal,1,isolated label or short inscription; paragraph opening; 1 normalized token group. no English lexical value established.,Moderate for form and position; zero validated English semantics,Label: The Root of the aromatic plant.,Creative reconstruction; not a decipherment or translation,"A pharmaceutical inventory-like page with containers, plant fragments, and many short labels.",pilot-0.1.0
f99r,P,Pharmaceutical,f99r.20,@Lf,L,<!80b>oaro,[note: 80b] oaro,oaro,1,isolated label or short inscription; paragraph opening; 1 normalized token group. no English lexical value established.,Moderate for form and position; zero validated English semantics,Label: The Peeled Stem of the red-rooted plant.,Creative reconstruction; not a decipherment or translation,"A pharmaceutical inventory-like page with containers, plant fragments, and many short labels.",pilot-0.1.0
f99r,P,Pharmaceutical,f99r.21,@Lf,L,<!81>aloly,[note: 81] aloly,aloly,1,isolated label or short inscription; paragraph opening; 1 normalized token group. no English lexical value established.,Moderate for form and position; zero validated English semantics,Label: The Flower Head of the aromatic plant.,Creative reconstruction; not a decipherment or translation,"A pharmaceutical inventory-like page with containers, plant fragments, and many short labels.",pilot-0.1.0
f99r,P,Pharmaceutical,f99r.22,@Lf,L,<!82>aora[?:r],[note: 82] aora[?:r],aora,1,isolated label or short inscription; paragraph opening; 1 normalized token group. no English lexical value established.,Moderate for form and position; zero validated English semantics,Label: The Leaf of the aromatic plant.,Creative reconstruction; not a decipherment or translation,"A pharmaceutical inventory-like page with containers, plant fragments, and many short labels.",pilot-0.1.0
f99r,P,Pharmaceutical,f99r.23,@Lf,L,<!83>choky,[note: 83] choky,choky,1,isolated label or short inscription; paragraph opening; 1 normalized token group. choky: recurrent form. no English lexical value established.,Moderate for form and position; zero validated English semantics,Label: The Root of the red-rooted plant.,Creative reconstruction; not a decipherment or translation,"A pharmaceutical inventory-like page with containers, plant fragments, and many short labels.",pilot-0.1.0
f99r,P,Pharmaceutical,f99r.24,@Lf,L,<!84>oky,[note: 84] oky,oky,1,isolated label or short inscription; paragraph opening; 1 normalized token group. oky: broad high-frequency form. no English lexical value established.,Moderate for form and position; zero validated English semantics,Label: The Seed Cluster of the broad-leaved herb.,Creative reconstruction; not a decipherment or translation,"A pharmaceutical inventory-like page with containers, plant fragments, and many short labels.",pilot-0.1.0
f99r,P,Pharmaceutical,f99r.25,@Lf,L,<!85a>okeoly,[note: 85a] okeoly,okeoly,1,isolated label or short inscription; paragraph opening; 1 normalized token group. okeoly: recurrent form. no English lexical value established.,Moderate for form and position; zero validated English semantics,Label: The Peeled Stem of the broad-leaved herb.,Creative reconstruction; not a decipherment or translation,"A pharmaceutical inventory-like page with containers, plant fragments, and many short labels.",pilot-0.1.0
f99r,P,Pharmaceutical,f99r.26,@Lf,L,<!85b>yteold,[note: 85b] yteold,yteold,1,isolated label or short inscription; paragraph opening; 1 normalized token group. no English lexical value established.,Moderate for form and position; zero validated English semantics,Label: The Flower Head of the bitter herb.,Creative reconstruction; not a decipherment or translation,"A pharmaceutical inventory-like page with containers, plant fragments, and many short labels.",pilot-0.1.0
f99r,P,Pharmaceutical,f99r.27,@Lf,L,<!86a>cheotchy,[note: 86a] cheotchy,cheotchy,1,isolated label or short inscription; paragraph opening; 1 normalized token group. no English lexical value established.,Moderate for form and position; zero validated English semantics,Label: The Leaf of the dried fragment.,Creative reconstruction; not a decipherment or translation,"A pharmaceutical inventory-like page with containers, plant fragments, and many short labels.",pilot-0.1.0
f99r,P,Pharmaceutical,f99r.28,@P0,P,<%>kodaiin.opchey.qoky.dar.otchor.opsho.okeol.sheol.oteoefol,kodaiin opchey qoky dar otchor opsho okeol sheol oteoefol,kodaiin opchey qoky dar otchor opsho okeol sheol oteoefol,9,running paragraph text; paragraph opening; 9 normalized token groups. kodaiin: productive ending family; opchey: productive ending family; qoky: broad high-frequency form. no English lexical value established.,Moderate for form and position; zero validated English semantics,Cut the root of the dried fragment with wine; place it in the narrow-necked pot until needed.,Creative reconstruction; not a decipherment or translation,"A pharmaceutical inventory-like page with containers, plant fragments, and many short labels.",pilot-0.1.0
f99r,P,Pharmaceutical,f99r.29,+P0,P,dsheol.ckhey.ckheol.okeol.ctheol.qokey.ckhol.okeol.okeey.dald,dsheol ckhey ckheol okeol ctheol qokey ckhol okeol okeey dald,dsheol ckhey ckheol okeol ctheol qokey ckhol okeol okeey dald,10,running paragraph text; continuation; 10 normalized token groups. dsheol: recurrent form; ckhey: productive ending family; ckheol: recurrent form. within-line repetition: okeol. no English lexical value established.,Moderate for form and position; zero validated English semantics,Separate the leaf of the dried fragment with salted water; place it in the narrow-necked pot until needed.,Creative reconstruction; not a decipherment or translation,"A pharmaceutical inventory-like page with containers, plant fragments, and many short labels.",pilot-0.1.0
f99r,P,Pharmaceutical,f99r.30,+P0,P,"tol,cheody.qokol.okoly.okoldy.qokoly.qokal.okchol.qokold",tol [?break] cheody qokol okoly okoldy qokoly qokal okchol qokold,tol cheody qokol okoly okoldy qokoly qokal okchol qokold,9,running paragraph text; continuation; 9 normalized token groups. tol: line-initial tendency; cheody: broad high-frequency form; qokol: broad high-frequency form. no English lexical value established.,Moderate for form and position; zero validated English semantics,Grind the peeled stem of the red-rooted plant with clear water; place it in the covered vessel away from direct heat.,Creative reconstruction; not a decipherment or translation,"A pharmaceutical inventory-like page with containers, plant fragments, and many short labels.",pilot-0.1.0
f99r,P,Pharmaceutical,f99r.31,+P0,P,"chees.okeey.qotol.sheol,daiin.qotol.okeol<$>",chees okeey qotol sheol [?break] daiin qotol okeol,chees okeey qotol sheol daiin qotol okeol,7,running paragraph text; paragraph or sequence ending; 7 normalized token groups. chees: recurrent form; okeey: broad high-frequency form; qotol: productive qo- family. within-line repetition: qotol. no English lexical value established.,Moderate for form and position; zero validated English semantics,Cut the peeled stem of the broad-leaved herb with vinegar; place it in the tall jar away from direct heat.,Creative reconstruction; not a decipherment or translation,"A pharmaceutical inventory-like page with containers, plant fragments, and many short labels.",pilot-0.1.0
f99r,P,Pharmaceutical,f99r.32,@Lc,L,<!87a>tsholdy,[note: 87a] tsholdy,tsholdy,1,isolated label or short inscription; paragraph opening; 1 normalized token group. tsholdy: productive ending family. no English lexical value established.,Moderate for form and position; zero validated English semantics,Label: The Peeled Stem of the broad-leaved herb.,Creative reconstruction; not a decipherment or translation,"A pharmaceutical inventory-like page with containers, plant fragments, and many short labels.",pilot-0.1.0
f99r,P,Pharmaceutical,f99r.33,@Lf,L,<!87b>okos,[note: 87b] okos,okos,1,isolated label or short inscription; paragraph opening; 1 normalized token group. okos: recurrent form. no English lexical value established.,Moderate for form and position; zero validated English semantics,Label: The Root of the aromatic plant.,Creative reconstruction; not a decipherment or translation,"A pharmaceutical inventory-like page with containers, plant fragments, and many short labels.",pilot-0.1.0
f99r,P,Pharmaceutical,f99r.34,@Lf,L,<!87c>oekey,[note: 87c] oekey,oekey,1,isolated label or short inscription; paragraph opening; 1 normalized token group. oekey: productive ending family. no English lexical value established.,Moderate for form and position; zero validated English semantics,Label: The Leaf of the dried fragment.,Creative reconstruction; not a decipherment or translation,"A pharmaceutical inventory-like page with containers, plant fragments, and many short labels.",pilot-0.1.0
f99r,P,Pharmaceutical,f99r.35,@Lf,L,<!88>dar,[note: 88] dar,dar,1,isolated label or short inscription; paragraph opening; 1 normalized token group. dar: broad high-frequency form. no English lexical value established.,Moderate for form and position; zero validated English semantics,Label: The Powdered Bark of the red-rooted plant.,Creative reconstruction; not a decipherment or translation,"A pharmaceutical inventory-like page with containers, plant fragments, and many short labels.",pilot-0.1.0
f99r,P,Pharmaceutical,f99r.36,@Lf,L,<!89>chockhi[a:y],[note: 89] chockhi[a:y],chockhia,1,isolated label or short inscription; paragraph opening; 1 normalized token group. no English lexical value established.,Moderate for form and position; zero validated English semantics,Label: The Root of the dried fragment.,Creative reconstruction; not a decipherment or translation,"A pharmaceutical inventory-like page with containers, plant fragments, and many short labels.",pilot-0.1.0
f99r,P,Pharmaceutical,f99r.37,@Lf,L,"<!90>r,cheyet",[note: 90] r [?break] cheyet,r cheyet,2,isolated label or short inscription; paragraph opening; 2 normalized token groups. r: broad high-frequency form. no English lexical value established.,Moderate for form and position; zero validated English semantics,Label: The Root of the broad-leaved herb.,Creative reconstruction; not a decipherment or translation,"A pharmaceutical inventory-like page with containers, plant fragments, and many short labels.",pilot-0.1.0
f99r,P,Pharmaceutical,f99r.38,@Lf,L,<!91>saiiny,[note: 91] saiiny,saiiny,1,isolated label or short inscription; paragraph opening; 1 normalized token group. no English lexical value established.,Moderate for form and position; zero validated English semantics,Label: The Seed Cluster of the red-rooted plant.,Creative reconstruction; not a decipherment or translation,"A pharmaceutical inventory-like page with containers, plant fragments, and many short labels.",pilot-0.1.0
f99r,P,Pharmaceutical,f99r.39,@Lf,L,<!92>sory,[note: 92] sory,sory,1,isolated label or short inscription; paragraph opening; 1 normalized token group. no English lexical value established.,Moderate for form and position; zero validated English semantics,Label: The Powdered Bark of the aromatic plant.,Creative reconstruction; not a decipherment or translation,"A pharmaceutical inventory-like page with containers, plant fragments, and many short labels.",pilot-0.1.0
f99r,P,Pharmaceutical,f99r.40,@Lf,L,<!93>dam,[note: 93] dam,dam,1,isolated label or short inscription; paragraph opening; 1 normalized token group. dam: broad high-frequency form. no English lexical value established.,Moderate for form and position; zero validated English semantics,Label: The Root of the dried fragment.,Creative reconstruction; not a decipherment or translation,"A pharmaceutical inventory-like page with containers, plant fragments, and many short labels.",pilot-0.1.0
f99r,P,Pharmaceutical,f99r.41,@P0,P,"<%>tsheeor.cpheol.{ck}ey.pchol.ckhey.ypchol,chor.choly.qotocthey.qkory",tsheeor cpheol {ck}ey pchol ckhey ypchol [?break] chor choly qotocthey qkory,tsheeor cpheol ckey pchol ckhey ypchol chor choly qotocthey qkory,10,running paragraph text; paragraph opening; 10 normalized token groups. ckey: productive ending family; pchol: recurrent form; ckhey: productive ending family. no English lexical value established.,Moderate for form and position; zero validated English semantics,Bind the powdered bark of the aromatic plant with clear water; place it in the sealed flask away from direct heat.,Creative reconstruction; not a decipherment or translation,"A pharmaceutical inventory-like page with containers, plant fragments, and many short labels.",pilot-0.1.0
f99r,P,Pharmaceutical,f99r.42,+P0,P,sol.sheol.keshey.qokeeey.chs.chey.dalchey.ctheey.daiin.cheom,sol sheol keshey qokeeey chs chey dalchey ctheey daiin cheom,sol sheol keshey qokeeey chs chey dalchey ctheey daiin cheom,10,running paragraph text; continuation; 10 normalized token groups. sol: line-initial tendency; sheol: broad high-frequency form; keshey: productive ending family. no English lexical value established.,Moderate for form and position; zero validated English semantics,Mix the flower head of the bitter herb with vinegar; place it in the second container for one complete cycle.,Creative reconstruction; not a decipherment or translation,"A pharmaceutical inventory-like page with containers, plant fragments, and many short labels.",pilot-0.1.0
f99r,P,Pharmaceutical,f99r.43,+P0,P,daiin.cheeokeey.checkhey.dor.oldy.sheey.keody.okeeey.s.aiin.ols,daiin cheeokeey checkhey dor oldy sheey keody okeeey s aiin ols,daiin cheeokeey checkhey dor oldy sheey keody okeeey s aiin ols,11,running paragraph text; continuation; 11 normalized token groups. daiin: broad high-frequency form; cheeokeey: productive ending family; checkhey: productive ending family. no English lexical value established.,Moderate for form and position; zero validated English semantics,Steep the root of the aromatic plant with salted water; place it in the tall jar until needed.,Creative reconstruction; not a decipherment or translation,"A pharmaceutical inventory-like page with containers, plant fragments, and many short labels.",pilot-0.1.0
f99r,P,Pharmaceutical,f99r.44,+P0,P,qokey.chkeey.chey.ckhey.ckhey.ykeey.oiin.air.chody.oeksa<$>,qokey chkeey chey ckhey ckhey ykeey oiin air chody oeksa,qokey chkeey chey ckhey ckhey ykeey oiin air chody oeksa,10,running paragraph text; paragraph or sequence ending; 10 normalized token groups. qokey: broad high-frequency form; chkeey: productive ending family; chey: broad high-frequency form. within-line repetition: ckhey. no English lexical value established.,Moderate for form and position; zero validated English semantics,Separate the powdered bark of the red-rooted plant with salted water; place it in the sealed flask under a tight cover.,Creative reconstruction; not a decipherment or translation,"A pharmaceutical inventory-like page with containers, plant fragments, and many short labels.",pilot-0.1.0
f99r,P,Pharmaceutical,f99r.45,@Lc,L,<!94a>yteoldy,[note: 94a] yteoldy,yteoldy,1,isolated label or short inscription; paragraph opening; 1 normalized token group. yteoldy: productive ending family. no English lexical value established.,Moderate for form and position; zero validated English semantics,Label: The Flower Head of the bitter herb.,Creative reconstruction; not a decipherment or translation,"A pharmaceutical inventory-like page with containers, plant fragments, and many short labels.",pilot-0.1.0
f99r,P,Pharmaceutical,f99r.46,@Lf,L,<!94b>tolsasy,[note: 94b] tolsasy,tolsasy,1,isolated label or short inscription; paragraph opening; 1 normalized token group. no English lexical value established.,Moderate for form and position; zero validated English semantics,Label: The Peeled Stem of the dried fragment.,Creative reconstruction; not a decipherment or translation,"A pharmaceutical inventory-like page with containers, plant fragments, and many short labels.",pilot-0.1.0
f99r,P,Pharmaceutical,f99r.47,@P0,P,"<%>tol,keey.ctheey",tol [?break] keey ctheey,tol keey ctheey,3,running paragraph text; paragraph opening; 3 normalized token groups. tol: line-initial tendency; keey: productive ending family; ctheey: productive ending family. no English lexical value established.,Moderate for form and position; zero validated English semantics,Grind the seed cluster of the aromatic plant with warm oil; place it in the tall jar until needed.,Creative reconstruction; not a decipherment or translation,"A pharmaceutical inventory-like page with containers, plant fragments, and many short labels.",pilot-0.1.0
f99r,P,Pharmaceutical,f99r.48,+P0,P,"ykeol.okeol.ockhey.chol.cheodal.okeo,r,alcheeg.orar",ykeol okeol ockhey chol cheodal okeo [?break] r [?break] alcheeg orar,ykeol okeol ockhey chol cheodal okeo r alcheeg orar,9,running paragraph text; continuation; 9 normalized token groups. ykeol: line-initial tendency; okeol: recurrent form; ockhey: productive ending family. no English lexical value established.,Moderate for form and position; zero validated English semantics,Separate the flower head of the broad-leaved herb with warm oil; place it in the narrow-necked pot for one complete cycle.,Creative reconstruction; not a decipherment or translation,"A pharmaceutical inventory-like page with containers, plant fragments, and many short labels.",pilot-0.1.0
f99r,P,Pharmaceutical,f99r.49,+P0,P,"okeeey.keey.keear.okeey.daiin.okeol,s.aiin.olaiir.oolsal",okeeey keey keear okeey daiin okeol [?break] s aiin olaiir oolsal,okeeey keey keear okeey daiin okeol s aiin olaiir oolsal,10,running paragraph text; continuation; 10 normalized token groups. okeeey: productive ending family; keey: productive ending family; keear: recurrent form. no English lexical value established.,Moderate for form and position; zero validated English semantics,Steep the seed cluster of the red-rooted plant with warm oil; place it in the tall jar after the moisture has gone.,Creative reconstruction; not a decipherment or translation,"A pharmaceutical inventory-like page with containers, plant fragments, and many short labels.",pilot-0.1.0
f99r,P,Pharmaceutical,f99r.50,+P0,P,qokeeo.okeey.qokeey.okesy.qokeeo.sar.sheseky.or.al,qokeeo okeey qokeey okesy qokeeo sar sheseky or al,qokeeo okeey qokeey okesy qokeeo sar sheseky or al,9,running paragraph text; continuation; 9 normalized token groups. qokeeo: productive qo- family; okeey: broad high-frequency form; qokeey: broad high-frequency form. within-line repetition: qokeeo. no English lexical value established.,Moderate for form and position; zero validated English semantics,Dry the peeled stem of the red-rooted plant with warm oil; place it in the second container after the moisture has gone.,Creative reconstruction; not a decipherment or translation,"A pharmaceutical inventory-like page with containers, plant fragments, and many short labels.",pilot-0.1.0
f99r,P,Pharmaceutical,f99r.51,+P0,P,"yshaiin.{ykh}ey.octhey.dy,daiin.okor.okeey.sh{cty}sh",yshaiin {ykh}ey octhey dy [?break] daiin okor okeey sh{cty}sh,yshaiin ykhey octhey dy daiin okor okeey shctysh,8,running paragraph text; continuation; 8 normalized token groups. yshaiin: productive ending family; ykhey: productive ending family; octhey: productive ending family. no English lexical value established.,Moderate for form and position; zero validated English semantics,Dry the powdered bark of the bitter herb with warm oil; place it in the tall jar until needed.,Creative reconstruction; not a decipherment or translation,"A pharmaceutical inventory-like page with containers, plant fragments, and many short labels.",pilot-0.1.0
f99r,P,Pharmaceutical,f99r.52,+P0,P,"ychor.ols.or,agairom<$>",ychor ols or [?break] agairom,ychor ols or agairom,4,running paragraph text; paragraph or sequence ending; 4 normalized token groups. ychor: line-initial tendency; ols: line-final tendency; or: broad high-frequency form. no English lexical value established.,Moderate for form and position; zero validated English semantics,Steep the flower head of the broad-leaved herb with salted water; place it in the tall jar away from direct heat.,Creative reconstruction; not a decipherment or translation,"A pharmaceutical inventory-like page with containers, plant fragments, and many short labels.",pilot-0.1.0
f103r,S,Star-marked entries (conventionally called recipes),f103r.1,@P0,P,<%>pchedal.shdy.ytechypchy.otey.?lshey.qoteey.qotal.shedy.yshdal.dain.okal.daldy,pchedal shdy ytechypchy otey ?lshey qoteey qotal shedy yshdal dain okal daldy,pchedal shdy ytechypchy otey lshey qoteey qotal shedy yshdal dain okal daldy,12,running paragraph text; paragraph opening; 12 normalized token groups. pchedal: recurrent form; shdy: productive ending family; otey: productive ending family. no English lexical value established.,Moderate for form and position; zero validated English semantics,"For restless sleep, take the flower infusion; steep it with light wine and use it while still warm.",Creative reconstruction; not a decipherment or translation,"The opening of the star-marked text section, arranged as compact entries with a seven-pointed star marker.",pilot-0.1.0
f103r,S,Star-marked entries (conventionally called recipes),f103r.2,+P0,P,dain.shek.ch{cphh}dy.daloky.opchedy.peshol.chep.ar.otchy.sal.lkeey.sar.ain.ok??.chedy,dain shek ch{cphh}dy daloky opchedy peshol chep ar otchy sal lkeey sar ain ok?? chedy,dain shek chcphhdy daloky opchedy peshol chep ar otchy sal lkeey sar ain ok chedy,15,running paragraph text; continuation; 15 normalized token groups. dain: broad high-frequency form; shek: recurrent form; chcphhdy: productive ending family. no English lexical value established.,Moderate for form and position; zero validated English semantics,"For weak digestion, take the dried leaves; grind it with oil and use it once in the evening.",Creative reconstruction; not a decipherment or translation,"The opening of the star-marked text section, arranged as compact entries with a seven-pointed star marker.",pilot-0.1.0
f103r,S,Star-marked entries (conventionally called recipes),f103r.3,+P0,P,yshdain.sheek.cheoty.eeokal.chedy.chckhy.or.orol.okaiin.eeal.ot.kar.otar.cha[l:?],yshdain sheek cheoty eeokal chedy chckhy or orol okaiin eeal ot kar otar cha[l:?],yshdain sheek cheoty eeokal chedy chckhy or orol okaiin eeal ot kar otar chal,14,running paragraph text; continuation; 14 normalized token groups. yshdain: productive ending family; sheek: recurrent form; cheoty: recurrent form. no English lexical value established.,Moderate for form and position; zero validated English semantics,"For a dry cough, take the aromatic powder; boil it with light wine and use it once in the evening.",Creative reconstruction; not a decipherment or translation,"The opening of the star-marked text section, arranged as compact entries with a seven-pointed star marker.",pilot-0.1.0
f103r,S,Star-marked entries (conventionally called recipes),f103r.4,+P0,P,"ychedy.qokedy.okedy.qokeey.okey.chdar,ol.loty.chedaraly<$>",ychedy qokedy okedy qokeey okey chdar [?break] ol loty chedaraly,ychedy qokedy okedy qokeey okey chdar ol loty chedaraly,9,running paragraph text; paragraph or sequence ending; 9 normalized token groups. ychedy: line-initial tendency; qokedy: broad high-frequency form; okedy: broad high-frequency form. no English lexical value established.,Moderate for form and position; zero validated English semantics,"For a recurring fever, take the dried leaves; grind it with oil and use it before sleep.",Creative reconstruction; not a decipherment or translation,"The opening of the star-marked text section, arranged as compact entries with a seven-pointed star marker.",pilot-0.1.0
f103r,S,Star-marked entries (conventionally called recipes),f103r.5,+P0,P,<%>pocharal.okedar.shedy.oteey.qokey.lkar.sheeky.okalor.shedy.yt???.rkar.ota?.okdy,pocharal okedar shedy oteey qokey lkar sheeky okalor shedy yt??? rkar ota? okdy,pocharal okedar shedy oteey qokey lkar sheeky okalor shedy yt rkar ota okdy,13,running paragraph text; continuation; 13 normalized token groups. okedar: recurrent form; shedy: broad high-frequency form; oteey: broad high-frequency form. within-line repetition: shedy. no English lexical value established.,Moderate for form and position; zero validated English semantics,"For restless sleep, take the dried leaves; mix it with honey and use it after food.",Creative reconstruction; not a decipherment or translation,"The opening of the star-marked text section, arranged as compact entries with a seven-pointed star marker.",pilot-0.1.0
f103r,S,Star-marked entries (conventionally called recipes),f103r.6,+P0,P,"ocheey.dain.shek.okeedy.okey.shedy.qokealdy.shcthy.qotedy.qoto???.ota.???.san,am",ocheey dain shek okeedy okey shedy qokealdy shcthy qotedy qoto??? ota ??? san [?break] am,ocheey dain shek okeedy okey shedy qokealdy shcthy qotedy qoto ota san am,13,running paragraph text; continuation; 13 normalized token groups. ocheey: productive ending family; dain: broad high-frequency form; shek: recurrent form. no English lexical value established.,Moderate for form and position; zero validated English semantics,"For a cold swelling, take the flower infusion; mix it with light wine and use it before sleep.",Creative reconstruction; not a decipherment or translation,"The opening of the star-marked text section, arranged as compact entries with a seven-pointed star marker.",pilot-0.1.0
f103r,S,Star-marked entries (conventionally called recipes),f103r.7,+P0,P,"saiin.chey.shs.olshedy.qokeey.okeeody.qoedy.ol,shedy<$>",saiin chey shs olshedy qokeey okeeody qoedy ol [?break] shedy,saiin chey shs olshedy qokeey okeeody qoedy ol shedy,9,running paragraph text; paragraph or sequence ending; 9 normalized token groups. saiin: broad high-frequency form; chey: broad high-frequency form; shs: recurrent form. no English lexical value established.,Moderate for form and position; zero validated English semantics,"For weak digestion, take the dried leaves; apply it with honey and use it before sleep.",Creative reconstruction; not a decipherment or translation,"The opening of the star-marked text section, arranged as compact entries with a seven-pointed star marker.",pilot-0.1.0
f103r,S,Star-marked entries (conventionally called recipes),f103r.8,+P0,P,"<%>daroal.okey.chedy.okey.rain.okechy.qoisal.qotar,adchey.of[ee:ch]o.lt??dy.??olkechdy,lo",daroal okey chedy okey rain okechy qoisal qotar [?break] adchey of[ee:ch]o lt??dy ??olkechdy [?break] lo,daroal okey chedy okey rain okechy qoisal qotar adchey ofeeo lt dy olkechdy lo,14,running paragraph text; continuation; 14 normalized token groups. okey: productive ending family; chedy: broad high-frequency form; rain: section-concentrated form. within-line repetition: okey. no English lexical value established.,Moderate for form and position; zero validated English semantics,"For pain after exertion, take the flower infusion; apply it with vinegar and use it for three measured days.",Creative reconstruction; not a decipherment or translation,"The opening of the star-marked text section, arranged as compact entries with a seven-pointed star marker.",pilot-0.1.0
f103r,S,Star-marked entries (conventionally called recipes),f103r.9,+P0,P,oteeos.ar.cheal.okeey.shey.lkaiin.shey.lkeor.otaiin.shedy.otey.l.?dy.okeedaram,oteeos ar cheal okeey shey lkaiin shey lkeor otaiin shedy otey l ?dy okeedaram,oteeos ar cheal okeey shey lkaiin shey lkeor otaiin shedy otey l dy okeedaram,14,running paragraph text; continuation; 14 normalized token groups. oteeos: recurrent form; ar: broad high-frequency form; cheal: recurrent form. within-line repetition: shey. no English lexical value established.,Moderate for form and position; zero validated English semantics,"For restless sleep, take the flower infusion; strain it with a clear broth and use it while still warm.",Creative reconstruction; not a decipherment or translation,"The opening of the star-marked text section, arranged as compact entries with a seven-pointed star marker.",pilot-0.1.0
f103r,S,Star-marked entries (conventionally called recipes),f103r.10,+P0,P,"daiin.ol.oain.okeol.chol.okam.chety.shedy.otaiin.shedy.teolshy.oteedy.sor,ain",daiin ol oain okeol chol okam chety shedy otaiin shedy teolshy oteedy sor [?break] ain,daiin ol oain okeol chol okam chety shedy otaiin shedy teolshy oteedy sor ain,14,running paragraph text; continuation; 14 normalized token groups. daiin: broad high-frequency form; ol: broad high-frequency form; oain: line-initial tendency. within-line repetition: shedy. no English lexical value established.,Moderate for form and position; zero validated English semantics,"For pain after exertion, take the prepared root; strain it with warm water and use it for three measured days.",Creative reconstruction; not a decipherment or translation,"The opening of the star-marked text section, arranged as compact entries with a seven-pointed star marker.",pilot-0.1.0
f103r,S,Star-marked entries (conventionally called recipes),f103r.11,+P0,P,dar.oteey.otain.lolshedy.okain.chey.qorain.shey.otoy.qokeol.key.da{ikh}yky,dar oteey otain lolshedy okain chey qorain shey otoy qokeol key da{ikh}yky,dar oteey otain lolshedy okain chey qorain shey otoy qokeol key daikhyky,12,running paragraph text; continuation; 12 normalized token groups. dar: broad high-frequency form; oteey: broad high-frequency form; otain: productive ending family. no English lexical value established.,Moderate for form and position; zero validated English semantics,"For an aching limb, take the dried leaves; strain it with light wine and use it while still warm.",Creative reconstruction; not a decipherment or translation,"The opening of the star-marked text section, arranged as compact entries with a seven-pointed star marker.",pilot-0.1.0
f103r,S,Star-marked entries (conventionally called recipes),f103r.12,+P0,P,"oain.shey.shckhy.oteey.qokeol,keedy.shar,aiin.otedy<$>",oain shey shckhy oteey qokeol [?break] keedy shar [?break] aiin otedy,oain shey shckhy oteey qokeol keedy shar aiin otedy,9,running paragraph text; paragraph or sequence ending; 9 normalized token groups. oain: line-initial tendency; shey: broad high-frequency form; shckhy: recurrent form. no English lexical value established.,Moderate for form and position; zero validated English semantics,"For a recurring fever, take the clarified resin; warm it with honey and use it while still warm.",Creative reconstruction; not a decipherment or translation,"The opening of the star-marked text section, arranged as compact entries with a seven-pointed star marker.",pilot-0.1.0
f103r,S,Star-marked entries (conventionally called recipes),f103r.13,+P0,P,"<%>podar,sheor.qotedy.okeey.qokar.checkhy.qokain.chedy.pchdy.tshdy.dal,kasol",podar [?break] sheor qotedy okeey qokar checkhy qokain chedy pchdy tshdy dal [?break] kasol,podar sheor qotedy okeey qokar checkhy qokain chedy pchdy tshdy dal kasol,12,running paragraph text; continuation; 12 normalized token groups. sheor: recurrent form; qotedy: productive qo- family; okeey: broad high-frequency form. no English lexical value established.,Moderate for form and position; zero validated English semantics,"For a dry cough, take the aromatic powder; steep it with a clear broth and use it while still warm.",Creative reconstruction; not a decipherment or translation,"The opening of the star-marked text section, arranged as compact entries with a seven-pointed star marker.",pilot-0.1.0
f103r,S,Star-marked entries (conventionally called recipes),f103r.14,+P0,P,"okain.shekain.chedy.qokeechy.qok[y:?].shey.lol.s,aiin.chey.eekain.chcthy.qoky",okain shekain chedy qokeechy qok[y:?] shey lol s [?break] aiin chey eekain chcthy qoky,okain shekain chedy qokeechy qoky shey lol s aiin chey eekain chcthy qoky,13,running paragraph text; continuation; 13 normalized token groups. okain: broad high-frequency form; shekain: productive ending family; chedy: broad high-frequency form. within-line repetition: qoky. no English lexical value established.,Moderate for form and position; zero validated English semantics,"For restless sleep, take the aromatic powder; apply it with a clear broth and use it at dawn.",Creative reconstruction; not a decipherment or translation,"The opening of the star-marked text section, arranged as compact entries with a seven-pointed star marker.",pilot-0.1.0
f103r,S,Star-marked entries (conventionally called recipes),f103r.15,+P0,P,qotedy.qokeey.sh[o:a]l.qotey.shkaiin<$>,qotedy qokeey sh[o:a]l qotey shkaiin,qotedy qokeey shol qotey shkaiin,5,running paragraph text; paragraph or sequence ending; 5 normalized token groups. qotedy: productive qo- family; qokeey: broad high-frequency form; shol: broad high-frequency form. no English lexical value established.,Moderate for form and position; zero validated English semantics,"For restless sleep, take the flower infusion; grind it with oil and use it while still warm.",Creative reconstruction; not a decipherment or translation,"The opening of the star-marked text section, arranged as compact entries with a seven-pointed star marker.",pilot-0.1.0
f103r,S,Star-marked entries (conventionally called recipes),f103r.16,+P0,P,<%>dshol.sholkar.shdaiin.[chee:eeee]y.rar.okeey.shcfhedy.opcheol.oteedy.tchey.shky,dshol sholkar shdaiin [chee:eeee]y rar okeey shcfhedy opcheol oteedy tchey shky,dshol sholkar shdaiin cheey rar okeey shcfhedy opcheol oteedy tchey shky,11,running paragraph text; continuation; 11 normalized token groups. dshol: recurrent form; shdaiin: productive ending family; cheey: broad high-frequency form. no English lexical value established.,Moderate for form and position; zero validated English semantics,"For an aching limb, take the dried leaves; grind it with a clear broth and use it while still warm.",Creative reconstruction; not a decipherment or translation,"The opening of the star-marked text section, arranged as compact entries with a seven-pointed star marker.",pilot-0.1.0
f103r,S,Star-marked entries (conventionally called recipes),f103r.17,+P0,P,"sar,shey.qokey,keedy.qokeey.chckhy.qokal.oty.or,aiin<$>",sar [?break] shey qokey [?break] keedy qokeey chckhy qokal oty or [?break] aiin,sar shey qokey keedy qokeey chckhy qokal oty or aiin,10,running paragraph text; paragraph or sequence ending; 10 normalized token groups. sar: broad high-frequency form; shey: broad high-frequency form; qokey: broad high-frequency form. no English lexical value established.,Moderate for form and position; zero validated English semantics,"For an aching limb, take the clarified resin; steep it with a clear broth and use it before sleep.",Creative reconstruction; not a decipherment or translation,"The opening of the star-marked text section, arranged as compact entries with a seven-pointed star marker.",pilot-0.1.0
f103r,S,Star-marked entries (conventionally called recipes),f103r.18,+P0,P,<%>polchedy.qokeol.okain.checthy.oteeylshedy.okain.qokain.qokalshedy.oteys,polchedy qokeol okain checthy oteeylshedy okain qokain qokalshedy oteys,polchedy qokeol okain checthy oteeylshedy okain qokain qokalshedy oteys,9,running paragraph text; continuation; 9 normalized token groups. polchedy: productive ending family; qokeol: productive qo- family; okain: broad high-frequency form. within-line repetition: okain. no English lexical value established.,Moderate for form and position; zero validated English semantics,"For a cold swelling, take the aromatic powder; boil it with a clear broth and use it once in the evening.",Creative reconstruction; not a decipherment or translation,"The opening of the star-marked text section, arranged as compact entries with a seven-pointed star marker.",pilot-0.1.0
f103r,S,Star-marked entries (conventionally called recipes),f103r.19,+P0,P,okaiin.chey.qoy.shey.qokaiin.chedy.qokain.oteol.lkar.okaral.lkldy.lr,okaiin chey qoy shey qokaiin chedy qokain oteol lkar okaral lkldy lr,okaiin chey qoy shey qokaiin chedy qokain oteol lkar okaral lkldy lr,12,running paragraph text; continuation; 12 normalized token groups. okaiin: broad high-frequency form; chey: broad high-frequency form; qoy: productive qo- family. no English lexical value established.,Moderate for form and position; zero validated English semantics,"For an aching limb, take the dried leaves; mix it with warm water and use it before sleep.",Creative reconstruction; not a decipherment or translation,"The opening of the star-marked text section, arranged as compact entries with a seven-pointed star marker.",pilot-0.1.0
f103r,S,Star-marked entries (conventionally called recipes),f103r.20,+P0,P,ychain.shckhy.qokaiin.shey.qokaiin.shedy.olor<$>,ychain shckhy qokaiin shey qokaiin shedy olor,ychain shckhy qokaiin shey qokaiin shedy olor,7,running paragraph text; paragraph or sequence ending; 7 normalized token groups. ychain: productive ending family; shckhy: recurrent form; qokaiin: broad high-frequency form. within-line repetition: qokaiin. no English lexical value established.,Moderate for form and position; zero validated English semantics,"For a dry cough, take the flower infusion; mix it with warm water and use it before sleep.",Creative reconstruction; not a decipherment or translation,"The opening of the star-marked text section, arranged as compact entries with a seven-pointed star marker.",pilot-0.1.0
f103r,S,Star-marked entries (conventionally called recipes),f103r.21,+P0,P,<%>pcheam.sokedy.dalkar.otal.qokal.chepy.okedy.qoky.pchedy.okaly.qokeedy.lor,pcheam sokedy dalkar otal qokal chepy okedy qoky pchedy okaly qokeedy lor,pcheam sokedy dalkar otal qokal chepy okedy qoky pchedy okaly qokeedy lor,12,running paragraph text; continuation; 12 normalized token groups. sokedy: productive ending family; dalkar: recurrent form; otal: broad high-frequency form. no English lexical value established.,Moderate for form and position; zero validated English semantics,"For an aching limb, take the prepared root; warm it with oil and use it after food.",Creative reconstruction; not a decipherment or translation,"The opening of the star-marked text section, arranged as compact entries with a seven-pointed star marker.",pilot-0.1.0
f103r,S,Star-marked entries (conventionally called recipes),f103r.22,+P0,P,dalshy.okain.shckhody.shdal.qokeedy.shedy.qotar.chcthy.chep.ar.otar.opchy,dalshy okain shckhody shdal qokeedy shedy qotar chcthy chep ar otar opchy,dalshy okain shckhody shdal qokeedy shedy qotar chcthy chep ar otar opchy,12,running paragraph text; continuation; 12 normalized token groups. okain: broad high-frequency form; shckhody: productive ending family; shdal: recurrent form. no English lexical value established.,Moderate for form and position; zero validated English semantics,"For restless sleep, take the clarified resin; warm it with a clear broth and use it for three measured days.",Creative reconstruction; not a decipherment or translation,"The opening of the star-marked text section, arranged as compact entries with a seven-pointed star marker.",pilot-0.1.0
f103r,S,Star-marked entries (conventionally called recipes),f103r.23,+P0,P,daiin.sheckhy.lchedy.chckhy.shol<$>,daiin sheckhy lchedy chckhy shol,daiin sheckhy lchedy chckhy shol,5,running paragraph text; paragraph or sequence ending; 5 normalized token groups. daiin: broad high-frequency form; sheckhy: recurrent form; lchedy: productive ending family. no English lexical value established.,Moderate for form and position; zero validated English semantics,"For pain after exertion, take the prepared root; apply it with light wine and use it for three measured days.",Creative reconstruction; not a decipherment or translation,"The opening of the star-marked text section, arranged as compact entries with a seven-pointed star marker.",pilot-0.1.0
f103r,S,Star-marked entries (conventionally called recipes),f103r.24,+P0,P,<%>tchoky.okeal.shedy.qokal.oty.opchedy.qotain.shcthy.otey.dain.oteey.oky,tchoky okeal shedy qokal oty opchedy qotain shcthy otey dain oteey oky,tchoky okeal shedy qokal oty opchedy qotain shcthy otey dain oteey oky,12,running paragraph text; continuation; 12 normalized token groups. okeal: recurrent form; shedy: broad high-frequency form; qokal: broad high-frequency form. no English lexical value established.,Moderate for form and position; zero validated English semantics,"For a cold swelling, take the flower infusion; mix it with a clear broth and use it once in the evening.",Creative reconstruction; not a decipherment or translation,"The opening of the star-marked text section, arranged as compact entries with a seven-pointed star marker.",pilot-0.1.0
f103r,S,Star-marked entries (conventionally called recipes),f103r.25,+P0,P,"dar,shey.qokain.chckhey.chey,kain.chedal.okeeey.qoodain.okain.[o:?]teey.ol",dar [?break] shey qokain chckhey chey [?break] kain chedal okeeey qoodain okain [o:?]teey ol,dar shey qokain chckhey chey kain chedal okeeey qoodain okain oteey ol,12,running paragraph text; continuation; 12 normalized token groups. dar: broad high-frequency form; shey: broad high-frequency form; qokain: broad high-frequency form. no English lexical value established.,Moderate for form and position; zero validated English semantics,"For an aching limb, take the clarified resin; boil it with warm water and use it at dawn.",Creative reconstruction; not a decipherment or translation,"The opening of the star-marked text section, arranged as compact entries with a seven-pointed star marker.",pilot-0.1.0
f103r,S,Star-marked entries (conventionally called recipes),f103r.26,+P0,P,oteedy.okeey.qot[ch:ee]y.shey.olcheedar.shey.lotor<$>,oteedy okeey qot[ch:ee]y shey olcheedar shey lotor,oteedy okeey qotchy shey olcheedar shey lotor,7,running paragraph text; paragraph or sequence ending; 7 normalized token groups. oteedy: broad high-frequency form; okeey: broad high-frequency form; qotchy: line-initial tendency. within-line repetition: shey. no English lexical value established.,Moderate for form and position; zero validated English semantics,"For pain after exertion, take the bitter seed; apply it with warm water and use it before sleep.",Creative reconstruction; not a decipherment or translation,"The opening of the star-marked text section, arranged as compact entries with a seven-pointed star marker.",pilot-0.1.0
f103r,S,Star-marked entries (conventionally called recipes),f103r.27,+P0,P,"<%>qokechy.okeey.qokeey.lkeeody.sheey.qokeey,lkeol.tchey,qokeey.okeey.qokaly",qokechy okeey qokeey lkeeody sheey qokeey [?break] lkeol tchey [?break] qokeey okeey qokaly,qokechy okeey qokeey lkeeody sheey qokeey lkeol tchey qokeey okeey qokaly,11,"running paragraph text; continuation; 11 normalized token groups. qokechy: productive qo- family; okeey: broad high-frequency form; qokeey: broad high-frequency form. within-line repetition: okeey, qokeey. no English lexical value established.",Moderate for form and position; zero validated English semantics,"For a cold swelling, take the bitter seed; mix it with light wine and use it for three measured days.",Creative reconstruction; not a decipherment or translation,"The opening of the star-marked text section, arranged as compact entries with a seven-pointed star marker.",pilot-0.1.0
f103r,S,Star-marked entries (conventionally called recipes),f103r.28,+P0,P,deshedy.qokeeey.dalkain.okaiin.chedy.qokeey.otain.ain.ol.cheey.lkeedy,deshedy qokeeey dalkain okaiin chedy qokeey otain ain ol cheey lkeedy,deshedy qokeeey dalkain okaiin chedy qokeey otain ain ol cheey lkeedy,11,running paragraph text; continuation; 11 normalized token groups. deshedy: productive ending family; qokeeey: productive qo- family; dalkain: productive ending family. no English lexical value established.,Moderate for form and position; zero validated English semantics,"For a recurring fever, take the flower infusion; warm it with oil and use it once in the evening.",Creative reconstruction; not a decipherment or translation,"The opening of the star-marked text section, arranged as compact entries with a seven-pointed star marker.",pilot-0.1.0
f103r,S,Star-marked entries (conventionally called recipes),f103r.29,+P0,P,qokeeechy.shokeey.qochey.qokeey.chal.chedy<$>,qokeeechy shokeey qochey qokeey chal chedy,qokeeechy shokeey qochey qokeey chal chedy,6,running paragraph text; paragraph or sequence ending; 6 normalized token groups. qokeeechy: productive qo- family; shokeey: productive ending family; qochey: productive qo- family. no English lexical value established.,Moderate for form and position; zero validated English semantics,"For a dry cough, take the flower infusion; steep it with oil and use it at dawn.",Creative reconstruction; not a decipherment or translation,"The opening of the star-marked text section, arranged as compact entries with a seven-pointed star marker.",pilot-0.1.0
f103r,S,Star-marked entries (conventionally called recipes),f103r.30,+P0,P,<%>pcholkchdy.sheckhy.qokey.okaiin.shedy.chpchy.opchedy.oteeykshy.chdaly,pcholkchdy sheckhy qokey okaiin shedy chpchy opchedy oteeykshy chdaly,pcholkchdy sheckhy qokey okaiin shedy chpchy opchedy oteeykshy chdaly,9,running paragraph text; continuation; 9 normalized token groups. pcholkchdy: productive ending family; sheckhy: recurrent form; qokey: broad high-frequency form. no English lexical value established.,Moderate for form and position; zero validated English semantics,"For a dry cough, take the prepared root; steep it with oil and use it before sleep.",Creative reconstruction; not a decipherment or translation,"The opening of the star-marked text section, arranged as compact entries with a seven-pointed star marker.",pilot-0.1.0
f103r,S,Star-marked entries (conventionally called recipes),f103r.31,+P0,P,soiin.chol.kaiin.chal.okaiin.shckhy.qokal.shdar.shchdy.okaiin.chty,soiin chol kaiin chal okaiin shckhy qokal shdar shchdy okaiin chty,soiin chol kaiin chal okaiin shckhy qokal shdar shchdy okaiin chty,11,running paragraph text; continuation; 11 normalized token groups. soiin: line-initial tendency; chol: broad high-frequency form; kaiin: productive ending family. within-line repetition: okaiin. no English lexical value established.,Moderate for form and position; zero validated English semantics,"For pain after exertion, take the clarified resin; grind it with vinegar and use it at dawn.",Creative reconstruction; not a decipherment or translation,"The opening of the star-marked text section, arranged as compact entries with a seven-pointed star marker.",pilot-0.1.0
f103r,S,Star-marked entries (conventionally called recipes),f103r.32,+P0,P,okeey.shedy.qokedy.qokal.shety.otedy.shcthy.oraiin<$>,okeey shedy qokedy qokal shety otedy shcthy oraiin,okeey shedy qokedy qokal shety otedy shcthy oraiin,8,running paragraph text; paragraph or sequence ending; 8 normalized token groups. okeey: broad high-frequency form; shedy: broad high-frequency form; qokedy: broad high-frequency form. no English lexical value established.,Moderate for form and position; zero validated English semantics,"For a dry cough, take the bitter seed; boil it with a clear broth and use it once in the evening.",Creative reconstruction; not a decipherment or translation,"The opening of the star-marked text section, arranged as compact entries with a seven-pointed star marker.",pilot-0.1.0
f103r,S,Star-marked entries (conventionally called recipes),f103r.33,+P0,P,<%>qokeey.chechy.qokey.shckhy.choldy.qokal.y.shedy.yteedy.qotail.shedy,qokeey chechy qokey shckhy choldy qokal y shedy yteedy qotail shedy,qokeey chechy qokey shckhy choldy qokal y shedy yteedy qotail shedy,11,running paragraph text; continuation; 11 normalized token groups. qokeey: broad high-frequency form; qokey: broad high-frequency form; shckhy: recurrent form. within-line repetition: shedy. no English lexical value established.,Moderate for form and position; zero validated English semantics,"For a dry cough, take the flower infusion; steep it with warm water and use it while still warm.",Creative reconstruction; not a decipherment or translation,"The opening of the star-marked text section, arranged as compact entries with a seven-pointed star marker.",pilot-0.1.0
f103r,S,Star-marked entries (conventionally called recipes),f103r.34,+P0,P,sheod.oshey.cheedalaiin<$>,sheod oshey cheedalaiin,sheod oshey cheedalaiin,3,running paragraph text; paragraph or sequence ending; 3 normalized token groups. sheod: recurrent form; oshey: productive ending family; cheedalaiin: productive ending family. no English lexical value established.,Moderate for form and position; zero validated English semantics,"For an aching limb, take the clarified resin; strain it with oil and use it before sleep.",Creative reconstruction; not a decipherment or translation,"The opening of the star-marked text section, arranged as compact entries with a seven-pointed star marker.",pilot-0.1.0
f103r,S,Star-marked entries (conventionally called recipes),f103r.35,+P0,P,"<%>qoke{ca}r.chain.olain.chey.kain.sheol.shedain.qokeedy.ykeedy,lcheg",qoke{ca}r chain olain chey kain sheol shedain qokeedy ykeedy [?break] lcheg,qokecar chain olain chey kain sheol shedain qokeedy ykeedy lcheg,10,running paragraph text; continuation; 10 normalized token groups. qokecar: productive qo- family; chain: productive ending family; olain: productive ending family. no English lexical value established.,Moderate for form and position; zero validated English semantics,"For restless sleep, take the prepared root; boil it with a clear broth and use it at dawn.",Creative reconstruction; not a decipherment or translation,"The opening of the star-marked text section, arranged as compact entries with a seven-pointed star marker.",pilot-0.1.0
f103r,S,Star-marked entries (conventionally called recipes),f103r.36,+P0,P,okool.chedy.okeedy.qokeedy.qokeey.shdy.otey.qokeey<$>,okool chedy okeedy qokeedy qokeey shdy otey qokeey,okool chedy okeedy qokeedy qokeey shdy otey qokeey,8,running paragraph text; paragraph or sequence ending; 8 normalized token groups. chedy: broad high-frequency form; okeedy: broad high-frequency form; qokeedy: broad high-frequency form. within-line repetition: qokeey. no English lexical value established.,Moderate for form and position; zero validated English semantics,"For a cold swelling, take the bitter seed; mix it with honey and use it before sleep.",Creative reconstruction; not a decipherment or translation,"The opening of the star-marked text section, arranged as compact entries with a seven-pointed star marker.",pilot-0.1.0
f103r,S,Star-marked entries (conventionally called recipes),f103r.37,+P0,P,<%>pchedy.qokeey.qokeodair.qokshy.qokeedy.qokchdy.chsky.ee'ey.shalky,pchedy qokeey qokeodair qokshy qokeedy qokchdy chsky ee'ey shalky,pchedy qokeey qokeodair qokshy qokeedy qokchdy chsky eeey shalky,9,running paragraph text; continuation; 9 normalized token groups. pchedy: line-initial tendency; qokeey: broad high-frequency form; qokeodair: productive qo- family. no English lexical value established.,Moderate for form and position; zero validated English semantics,"For a recurring fever, take the flower infusion; apply it with vinegar and use it for three measured days.",Creative reconstruction; not a decipherment or translation,"The opening of the star-marked text section, arranged as compact entries with a seven-pointed star marker.",pilot-0.1.0
f103r,S,Star-marked entries (conventionally called recipes),f103r.38,+P0,P,otechedy.qokain.shcthy.chckhy.lokeedy.checkhy.lokain.shedy.okeey,otechedy qokain shcthy chckhy lokeedy checkhy lokain shedy okeey,otechedy qokain shcthy chckhy lokeedy checkhy lokain shedy okeey,9,running paragraph text; continuation; 9 normalized token groups. otechedy: productive ending family; qokain: broad high-frequency form; shcthy: recurrent form. no English lexical value established.,Moderate for form and position; zero validated English semantics,"For an aching limb, take the bitter seed; mix it with light wine and use it after food.",Creative reconstruction; not a decipherment or translation,"The opening of the star-marked text section, arranged as compact entries with a seven-pointed star marker.",pilot-0.1.0
f103r,S,Star-marked entries (conventionally called recipes),f103r.39,+P0,P,ykeedy.qokeey.lsheey.qotal.shedy.oteey<$>,ykeedy qokeey lsheey qotal shedy oteey,ykeedy qokeey lsheey qotal shedy oteey,6,running paragraph text; paragraph or sequence ending; 6 normalized token groups. ykeedy: productive ending family; qokeey: broad high-frequency form; lsheey: productive ending family. no English lexical value established.,Moderate for form and position; zero validated English semantics,"For a dry cough, take the flower infusion; boil it with a clear broth and use it before sleep.",Creative reconstruction; not a decipherment or translation,"The opening of the star-marked text section, arranged as compact entries with a seven-pointed star marker.",pilot-0.1.0
f103r,S,Star-marked entries (conventionally called recipes),f103r.40,+P0,P,"<%>qokeey.sheeol.shckhy.sheol.shodyol,aiin.otedy.qoteey.lotar.otam",qokeey sheeol shckhy sheol shodyol [?break] aiin otedy qoteey lotar otam,qokeey sheeol shckhy sheol shodyol aiin otedy qoteey lotar otam,10,running paragraph text; continuation; 10 normalized token groups. qokeey: broad high-frequency form; sheeol: recurrent form; shckhy: recurrent form. no English lexical value established.,Moderate for form and position; zero validated English semantics,"For a dry cough, take the dried leaves; warm it with oil and use it for three measured days.",Creative reconstruction; not a decipherment or translation,"The opening of the star-marked text section, arranged as compact entries with a seven-pointed star marker.",pilot-0.1.0
f103r,S,Star-marked entries (conventionally called recipes),f103r.41,+P0,P,"cheol.sheeey.qotey.oteeal.oteedy.shet,sho.keeo,s,shey.qokeedy.qokal.dal",cheol sheeey qotey oteeal oteedy shet [?break] sho keeo [?break] s [?break] shey qokeedy qokal dal,cheol sheeey qotey oteeal oteedy shet sho keeo s shey qokeedy qokal dal,13,running paragraph text; continuation; 13 normalized token groups. cheol: broad high-frequency form; sheeey: productive ending family; qotey: productive qo- family. no English lexical value established.,Moderate for form and position; zero validated English semantics,"For pain after exertion, take the dried leaves; strain it with honey and use it at dawn.",Creative reconstruction; not a decipherment or translation,"The opening of the star-marked text section, arranged as compact entries with a seven-pointed star marker.",pilot-0.1.0
f103r,S,Star-marked entries (conventionally called recipes),f103r.42,+P0,P,tshey.sheol.cheolshy.chalal<$>,tshey sheol cheolshy chalal,tshey sheol cheolshy chalal,4,running paragraph text; paragraph or sequence ending; 4 normalized token groups. tshey: productive ending family; sheol: broad high-frequency form. no English lexical value established.,Moderate for form and position; zero validated English semantics,"For pain after exertion, take the prepared root; steep it with honey and use it at dawn.",Creative reconstruction; not a decipherment or translation,"The opening of the star-marked text section, arranged as compact entries with a seven-pointed star marker.",pilot-0.1.0
f103r,S,Star-marked entries (conventionally called recipes),f103r.43,+P0,P,<%>tar.cheal.ol.sheey.qotal.sheal.qokal.sheedy.okeshedy.shokey.qokaiin,tar cheal ol sheey qotal sheal qokal sheedy okeshedy shokey qokaiin,tar cheal ol sheey qotal sheal qokal sheedy okeshedy shokey qokaiin,11,running paragraph text; continuation; 11 normalized token groups. tar: line-initial tendency; cheal: recurrent form; ol: broad high-frequency form. no English lexical value established.,Moderate for form and position; zero validated English semantics,"For restless sleep, take the prepared root; warm it with light wine and use it once in the evening.",Creative reconstruction; not a decipherment or translation,"The opening of the star-marked text section, arranged as compact entries with a seven-pointed star marker.",pilot-0.1.0
f103r,S,Star-marked entries (conventionally called recipes),f103r.44,+P0,P,odeeey.qokeey.shey.sheal.otshedy<$>,odeeey qokeey shey sheal otshedy,odeeey qokeey shey sheal otshedy,5,running paragraph text; paragraph or sequence ending; 5 normalized token groups. odeeey: productive ending family; qokeey: broad high-frequency form; shey: broad high-frequency form. no English lexical value established.,Moderate for form and position; zero validated English semantics,"For an aching limb, take the flower infusion; warm it with a clear broth and use it while still warm.",Creative reconstruction; not a decipherment or translation,"The opening of the star-marked text section, arranged as compact entries with a seven-pointed star marker.",pilot-0.1.0
f103r,S,Star-marked entries (conventionally called recipes),f103r.45,+P0,P,"<%>qokeedy.qokeedy.shol.shedar.chedy.qoteedy.oteedy.olkeol.ltar,y",qokeedy qokeedy shol shedar chedy qoteedy oteedy olkeol ltar [?break] y,qokeedy qokeedy shol shedar chedy qoteedy oteedy olkeol ltar y,10,running paragraph text; continuation; 10 normalized token groups. qokeedy: broad high-frequency form; shol: broad high-frequency form; shedar: recurrent form. within-line repetition: qokeedy. no English lexical value established.,Moderate for form and position; zero validated English semantics,"For pain after exertion, take the clarified resin; grind it with a clear broth and use it once in the evening.",Creative reconstruction; not a decipherment or translation,"The opening of the star-marked text section, arranged as compact entries with a seven-pointed star marker.",pilot-0.1.0
f103r,S,Star-marked entries (conventionally called recipes),f103r.46,+P0,P,"chol,keey.qokeey.cheol.chorol,shedy.qokeey.qokeey.ol.loiin.chedan",chol [?break] keey qokeey cheol chorol [?break] shedy qokeey qokeey ol loiin chedan,chol keey qokeey cheol chorol shedy qokeey qokeey ol loiin chedan,11,running paragraph text; continuation; 11 normalized token groups. chol: broad high-frequency form; keey: productive ending family; qokeey: broad high-frequency form. within-line repetition: qokeey. no English lexical value established.,Moderate for form and position; zero validated English semantics,"For a cold swelling, take the clarified resin; mix it with honey and use it for three measured days.",Creative reconstruction; not a decipherment or translation,"The opening of the star-marked text section, arranged as compact entries with a seven-pointed star marker.",pilot-0.1.0
f103r,S,Star-marked entries (conventionally called recipes),f103r.47,+P0,P,"ssheey.okeeo,l,lchey.qokaly.lcheedy.oloraiin<$>",ssheey okeeo [?break] l [?break] lchey qokaly lcheedy oloraiin,ssheey okeeo l lchey qokaly lcheedy oloraiin,7,running paragraph text; paragraph or sequence ending; 7 normalized token groups. ssheey: productive ending family; okeeo: recurrent form; l: broad high-frequency form. no English lexical value established.,Moderate for form and position; zero validated English semantics,"For restless sleep, take the dried leaves; mix it with oil and use it after food.",Creative reconstruction; not a decipherment or translation,"The opening of the star-marked text section, arranged as compact entries with a seven-pointed star marker.",pilot-0.1.0
f103r,S,Star-marked entries (conventionally called recipes),f103r.48,+P0,P,"<%>polarar.lshedy.qotolaiin.qokeey.qokeey.shkchy.opchealol.kchy,sam",polarar lshedy qotolaiin qokeey qokeey shkchy opchealol kchy [?break] sam,polarar lshedy qotolaiin qokeey qokeey shkchy opchealol kchy sam,9,running paragraph text; continuation; 9 normalized token groups. lshedy: productive ending family; qotolaiin: productive qo- family; qokeey: broad high-frequency form. within-line repetition: qokeey. no English lexical value established.,Moderate for form and position; zero validated English semantics,"For restless sleep, take the clarified resin; steep it with oil and use it before sleep.",Creative reconstruction; not a decipherment or translation,"The opening of the star-marked text section, arranged as compact entries with a seven-pointed star marker.",pilot-0.1.0
f103r,S,Star-marked entries (conventionally called recipes),f103r.49,+P0,P,"okeey.lr.ain.l.ol,sheed.qokeey.sheol.qokeedy.shedy.qoky.leeesain,am",okeey lr ain l ol [?break] sheed qokeey sheol qokeedy shedy qoky leeesain [?break] am,okeey lr ain l ol sheed qokeey sheol qokeedy shedy qoky leeesain am,13,running paragraph text; continuation; 13 normalized token groups. okeey: broad high-frequency form; lr: line-final tendency; ain: broad high-frequency form. no English lexical value established.,Moderate for form and position; zero validated English semantics,"For a dry cough, take the clarified resin; warm it with honey and use it before sleep.",Creative reconstruction; not a decipherment or translation,"The opening of the star-marked text section, arranged as compact entries with a seven-pointed star marker.",pilot-0.1.0
f103r,S,Star-marked entries (conventionally called recipes),f103r.50,+P0,P,"ssheey.l,shey.qol.cheey.chey.qokeey.okeey.qokain.cheey.qotain",ssheey l [?break] shey qol cheey chey qokeey okeey qokain cheey qotain,ssheey l shey qol cheey chey qokeey okeey qokain cheey qotain,11,running paragraph text; continuation; 11 normalized token groups. ssheey: productive ending family; l: broad high-frequency form; shey: broad high-frequency form. within-line repetition: cheey. no English lexical value established.,Moderate for form and position; zero validated English semantics,"For restless sleep, take the flower infusion; warm it with oil and use it at dawn.",Creative reconstruction; not a decipherment or translation,"The opening of the star-marked text section, arranged as compact entries with a seven-pointed star marker.",pilot-0.1.0
f103r,S,Star-marked entries (conventionally called recipes),f103r.51,+P0,P,saiin.cheteey.shey.cheosaiin<$>,saiin cheteey shey cheosaiin,saiin cheteey shey cheosaiin,4,running paragraph text; paragraph or sequence ending; 4 normalized token groups. saiin: broad high-frequency form; cheteey: productive ending family; shey: broad high-frequency form. no English lexical value established.,Moderate for form and position; zero validated English semantics,"For weak digestion, take the clarified resin; warm it with light wine and use it before sleep.",Creative reconstruction; not a decipherment or translation,"The opening of the star-marked text section, arranged as compact entries with a seven-pointed star marker.",pilot-0.1.0
f103r,S,Star-marked entries (conventionally called recipes),f103r.52,+P0,P,"<%>pchedal.oteey.qol,keedy.qokeey.qoty.chepchy.qopchey.lkaiin.otalsy",pchedal oteey qol [?break] keedy qokeey qoty chepchy qopchey lkaiin otalsy,pchedal oteey qol keedy qokeey qoty chepchy qopchey lkaiin otalsy,10,running paragraph text; continuation; 10 normalized token groups. pchedal: recurrent form; oteey: broad high-frequency form; qol: productive qo- family. no English lexical value established.,Moderate for form and position; zero validated English semantics,"For restless sleep, take the dried leaves; boil it with a clear broth and use it before sleep.",Creative reconstruction; not a decipherment or translation,"The opening of the star-marked text section, arranged as compact entries with a seven-pointed star marker.",pilot-0.1.0
f103r,S,Star-marked entries (conventionally called recipes),f103r.53,+P0,P,sshey.qokedy.qokaiin.shdy.qokeey.chedy.qokeey.qokeey.lchedy.loty,sshey qokedy qokaiin shdy qokeey chedy qokeey qokeey lchedy loty,sshey qokedy qokaiin shdy qokeey chedy qokeey qokeey lchedy loty,10,running paragraph text; continuation; 10 normalized token groups. sshey: productive ending family; qokedy: broad high-frequency form; qokaiin: broad high-frequency form. within-line repetition: qokeey. no English lexical value established.,Moderate for form and position; zero validated English semantics,"For restless sleep, take the dried leaves; mix it with honey and use it before sleep.",Creative reconstruction; not a decipherment or translation,"The opening of the star-marked text section, arranged as compact entries with a seven-pointed star marker.",pilot-0.1.0
f103r,S,Star-marked entries (conventionally called recipes),f103r.54,+P0,P,dsheey.qoteeey.darchedy.qokey.qoty<$>,dsheey qoteeey darchedy qokey qoty,dsheey qoteeey darchedy qokey qoty,5,running paragraph text; paragraph or sequence ending; 5 normalized token groups. dsheey: productive ending family; qoteeey: productive qo- family; darchedy: productive ending family. no English lexical value established.,Moderate for form and position; zero validated English semantics,"For a cold swelling, take the clarified resin; grind it with warm water and use it after food.",Creative reconstruction; not a decipherment or translation,"The opening of the star-marked text section, arranged as compact entries with a seven-pointed star marker.",pilot-0.1.0
f116r,S,Star-marked entries (conventionally called recipes),f116r.1,@P0,P,"<%>kchdpy.shey.qokain.otalsh[?:e]dy.qoteey.shear.ain.or,llory.{i'h}earamom",kchdpy shey qokain otalsh[?:e]dy qoteey shear ain or [?break] llory {i'h}earamom,kchdpy shey qokain otalsh dy qoteey shear ain or llory ihearamom,11,running paragraph text; paragraph opening; 11 normalized token groups. shey: broad high-frequency form; qokain: broad high-frequency form; dy: broad high-frequency form. no English lexical value established.,Moderate for form and position; zero validated English semantics,"For an aching limb, take the clarified resin; boil it with vinegar and use it once in the evening.",Creative reconstruction; not a decipherment or translation,A late star-marked text page near the end of the manuscript; included to test whether the same rule set reaches the corpus boundary.,pilot-0.1.0
f116r,S,Star-marked entries (conventionally called recipes),f116r.2,+P0,P,shain.cheor.ain.okeey.okeey.shy.lar.ar.aiiin.oky.char.ar.okain.ykanam,shain cheor ain okeey okeey shy lar ar aiiin oky char ar okain ykanam,shain cheor ain okeey okeey shy lar ar aiiin oky char ar okain ykanam,14,"running paragraph text; continuation; 14 normalized token groups. shain: productive ending family; cheor: broad high-frequency form; ain: broad high-frequency form. within-line repetition: okeey, ar. no English lexical value established.",Moderate for form and position; zero validated English semantics,"For pain after exertion, take the bitter seed; warm it with a clear broth and use it after food.",Creative reconstruction; not a decipherment or translation,A late star-marked text page near the end of the manuscript; included to test whether the same rule set reaches the corpus boundary.,pilot-0.1.0
f116r,S,Star-marked entries (conventionally called recipes),f116r.3,+P0,P,dain.chl.lshey.cthy.lshedy.oteor.shey.qo.saly<$>,dain chl lshey cthy lshedy oteor shey qo saly,dain chl lshey cthy lshedy oteor shey qo saly,9,running paragraph text; paragraph or sequence ending; 9 normalized token groups. dain: broad high-frequency form; chl: recurrent form; lshey: productive ending family. no English lexical value established.,Moderate for form and position; zero validated English semantics,"For weak digestion, take the prepared root; mix it with light wine and use it after food.",Creative reconstruction; not a decipherment or translation,A late star-marked text page near the end of the manuscript; included to test whether the same rule set reaches the corpus boundary.,pilot-0.1.0
f116r,S,Star-marked entries (conventionally called recipes),f116r.4,+P0,P,<%>padar.shey.osheeky.qol.laiin.chckhy.okam.chedy.oteedy.qotar.aralar.y,padar shey osheeky qol laiin chckhy okam chedy oteedy qotar aralar y,padar shey osheeky qol laiin chckhy okam chedy oteedy qotar aralar y,12,running paragraph text; continuation; 12 normalized token groups. shey: broad high-frequency form; qol: productive qo- family; laiin: productive ending family. no English lexical value established.,Moderate for form and position; zero validated English semantics,"For a dry cough, take the clarified resin; strain it with oil and use it before sleep.",Creative reconstruction; not a decipherment or translation,A late star-marked text page near the end of the manuscript; included to test whether the same rule set reaches the corpus boundary.,pilot-0.1.0
f116r,S,Star-marked entries (conventionally called recipes),f116r.5,+P0,P,dain.sheed.qokchdy.otal.chedy.lkain.oteedy.otor.aiin.oty.lol.rol.oly,dain sheed qokchdy otal chedy lkain oteedy otor aiin oty lol rol oly,dain sheed qokchdy otal chedy lkain oteedy otor aiin oty lol rol oly,13,running paragraph text; continuation; 13 normalized token groups. dain: broad high-frequency form; sheed: recurrent form; qokchdy: productive qo- family. no English lexical value established.,Moderate for form and position; zero validated English semantics,"For weak digestion, take the flower infusion; grind it with oil and use it once in the evening.",Creative reconstruction; not a decipherment or translation,A late star-marked text page near the end of the manuscript; included to test whether the same rule set reaches the corpus boundary.,pilot-0.1.0
f116r,S,Star-marked entries (conventionally called recipes),f116r.6,+P0,P,sain.ol.lchedy.chedy.otey.chedy.{yko}lain.otedy.oteey<$>,sain ol lchedy chedy otey chedy {yko}lain otedy oteey,sain ol lchedy chedy otey chedy ykolain otedy oteey,9,running paragraph text; paragraph or sequence ending; 9 normalized token groups. sain: line-initial tendency; ol: broad high-frequency form; lchedy: productive ending family. within-line repetition: chedy. no English lexical value established.,Moderate for form and position; zero validated English semantics,"For a cold swelling, take the prepared root; apply it with a clear broth and use it once in the evening.",Creative reconstruction; not a decipherment or translation,A late star-marked text page near the end of the manuscript; included to test whether the same rule set reaches the corpus boundary.,pilot-0.1.0
f116r,S,Star-marked entries (conventionally called recipes),f116r.7,+P0,P,"<%>pcholchdy,teody.otey.qo.qokain.qoteey.tokain.otedy.totol.rotydy",pcholchdy [?break] teody otey qo qokain qoteey tokain otedy totol rotydy,pcholchdy teody otey qo qokain qoteey tokain otedy totol rotydy,10,running paragraph text; continuation; 10 normalized token groups. pcholchdy: productive ending family; teody: productive ending family; otey: productive ending family. no English lexical value established.,Moderate for form and position; zero validated English semantics,"For restless sleep, take the flower infusion; warm it with warm water and use it once in the evening.",Creative reconstruction; not a decipherment or translation,A late star-marked text page near the end of the manuscript; included to test whether the same rule set reaches the corpus boundary.,pilot-0.1.0
f116r,S,Star-marked entries (conventionally called recipes),f116r.8,+P0,P,dar.yteedy.chedy.qokeey.qokain.qotody.oteedar.otedy.ldy.lchedy,dar yteedy chedy qokeey qokain qotody oteedar otedy ldy lchedy,dar yteedy chedy qokeey qokain qotody oteedar otedy ldy lchedy,10,running paragraph text; continuation; 10 normalized token groups. dar: broad high-frequency form; yteedy: line-initial tendency; chedy: broad high-frequency form. no English lexical value established.,Moderate for form and position; zero validated English semantics,"For an aching limb, take the flower infusion; apply it with oil and use it once in the evening.",Creative reconstruction; not a decipherment or translation,A late star-marked text page near the end of the manuscript; included to test whether the same rule set reaches the corpus boundary.,pilot-0.1.0
f116r,S,Star-marked entries (conventionally called recipes),f116r.9,+P0,P,qokeey.lchey.qokeedy.qokain.okeeylkaiin<$>,qokeey lchey qokeedy qokain okeeylkaiin,qokeey lchey qokeedy qokain okeeylkaiin,5,running paragraph text; paragraph or sequence ending; 5 normalized token groups. qokeey: broad high-frequency form; lchey: productive ending family; qokeedy: broad high-frequency form. no English lexical value established.,Moderate for form and position; zero validated English semantics,"For a dry cough, take the aromatic powder; strain it with warm water and use it for three measured days.",Creative reconstruction; not a decipherment or translation,A late star-marked text page near the end of the manuscript; included to test whether the same rule set reaches the corpus boundary.,pilot-0.1.0
f116r,S,Star-marked entries (conventionally called recipes),f116r.10,+P0,P,"<%>chd?in.checkhy.dar.shedy.qokeedy.shdy.rain.sheedy.cphol.r,teol.chcpham",chd?in checkhy dar shedy qokeedy shdy rain sheedy cphol r [?break] teol chcpham,chd in checkhy dar shedy qokeedy shdy rain sheedy cphol r teol chcpham,13,running paragraph text; continuation; 13 normalized token groups. chd: recurrent form; in: recurrent form; checkhy: recurrent form. no English lexical value established.,Moderate for form and position; zero validated English semantics,"For weak digestion, take the flower infusion; steep it with light wine and use it before sleep.",Creative reconstruction; not a decipherment or translation,A late star-marked text page near the end of the manuscript; included to test whether the same rule set reaches the corpus boundary.,pilot-0.1.0
f116r,S,Star-marked entries (conventionally called recipes),f116r.11,+P0,P,ol.aiin.shed.qoteedy.okeolshy.qotain.okedy.chedy.olchedy.olkain.als,ol aiin shed qoteedy okeolshy qotain okedy chedy olchedy olkain als,ol aiin shed qoteedy okeolshy qotain okedy chedy olchedy olkain als,11,running paragraph text; continuation; 11 normalized token groups. ol: broad high-frequency form; aiin: broad high-frequency form; shed: recurrent form. no English lexical value established.,Moderate for form and position; zero validated English semantics,"For a cold swelling, take the flower infusion; apply it with light wine and use it after food.",Creative reconstruction; not a decipherment or translation,A late star-marked text page near the end of the manuscript; included to test whether the same rule set reaches the corpus boundary.,pilot-0.1.0
f116r,S,Star-marked entries (conventionally called recipes),f116r.12,+P0,P,"qo?in.ar.cholches.okain.dain.cheey.okeey.otain.olchdy.otal,d[a:?]in.olam",qo?in ar cholches okain dain cheey okeey otain olchdy otal [?break] d[a:?]in olam,qo in ar cholches okain dain cheey okeey otain olchdy otal dain olam,13,running paragraph text; continuation; 13 normalized token groups. qo: productive qo- family; in: recurrent form; ar: broad high-frequency form. within-line repetition: dain. no English lexical value established.,Moderate for form and position; zero validated English semantics,"For weak digestion, take the flower infusion; apply it with oil and use it while still warm.",Creative reconstruction; not a decipherment or translation,A late star-marked text page near the end of the manuscript; included to test whether the same rule set reaches the corpus boundary.,pilot-0.1.0
f116r,S,Star-marked entries (conventionally called recipes),f116r.13,+P0,P,"sar,ain.tey.chetain.sht{ch'}ey.okey.chedy.qoteedy.qokain.shety.okeedam",sar [?break] ain tey chetain sht{ch'}ey okey chedy qoteedy qokain shety okeedam,sar ain tey chetain shtchey okey chedy qoteedy qokain shety okeedam,11,running paragraph text; continuation; 11 normalized token groups. sar: broad high-frequency form; ain: broad high-frequency form; tey: productive ending family. no English lexical value established.,Moderate for form and position; zero validated English semantics,"For an aching limb, take the dried leaves; boil it with oil and use it at dawn.",Creative reconstruction; not a decipherment or translation,A late star-marked text page near the end of the manuscript; included to test whether the same rule set reaches the corpus boundary.,pilot-0.1.0
f116r,S,Star-marked entries (conventionally called recipes),f116r.14,+P0,P,"sain.cheychear.ain.chl,l.s.oleedy<$>",sain cheychear ain chl [?break] l s oleedy,sain cheychear ain chl l s oleedy,7,running paragraph text; paragraph or sequence ending; 7 normalized token groups. sain: line-initial tendency; ain: broad high-frequency form; chl: recurrent form. no English lexical value established.,Moderate for form and position; zero validated English semantics,"For a cold swelling, take the prepared root; warm it with warm water and use it while still warm.",Creative reconstruction; not a decipherment or translation,A late star-marked text page near the end of the manuscript; included to test whether the same rule set reaches the corpus boundary.,pilot-0.1.0
f116r,S,Star-marked entries (conventionally called recipes),f116r.15,+P0,P,<%>pchoetal.otedal.otal.oteedy.olr.daiin.okeedy.qoky.dar.al.keedy.shdy,pchoetal otedal otal oteedy olr daiin okeedy qoky dar al keedy shdy,pchoetal otedal otal oteedy olr daiin okeedy qoky dar al keedy shdy,12,running paragraph text; continuation; 12 normalized token groups. otedal: recurrent form; otal: broad high-frequency form; oteedy: broad high-frequency form. no English lexical value established.,Moderate for form and position; zero validated English semantics,"For an aching limb, take the clarified resin; grind it with a clear broth and use it once in the evening.",Creative reconstruction; not a decipherment or translation,A late star-marked text page near the end of the manuscript; included to test whether the same rule set reaches the corpus boundary.,pilot-0.1.0
f116r,S,Star-marked entries (conventionally called recipes),f116r.16,+P0,P,dar.chedy.sheedy.otal.al.lchedy.shcthy.qotey.dain.otar.otarar.opam,dar chedy sheedy otal al lchedy shcthy qotey dain otar otarar opam,dar chedy sheedy otal al lchedy shcthy qotey dain otar otarar opam,12,running paragraph text; continuation; 12 normalized token groups. dar: broad high-frequency form; chedy: broad high-frequency form; sheedy: productive ending family. no English lexical value established.,Moderate for form and position; zero validated English semantics,"For an aching limb, take the bitter seed; apply it with oil and use it before sleep.",Creative reconstruction; not a decipherment or translation,A late star-marked text page near the end of the manuscript; included to test whether the same rule set reaches the corpus boundary.,pilot-0.1.0
f116r,S,Star-marked entries (conventionally called recipes),f116r.17,+P0,P,dain.chey.qokeey.okeey.lain.okeey.qol.chedy<$>,dain chey qokeey okeey lain okeey qol chedy,dain chey qokeey okeey lain okeey qol chedy,8,running paragraph text; paragraph or sequence ending; 8 normalized token groups. dain: broad high-frequency form; chey: broad high-frequency form; qokeey: broad high-frequency form. within-line repetition: okeey. no English lexical value established.,Moderate for form and position; zero validated English semantics,"For weak digestion, take the dried leaves; mix it with a clear broth and use it while still warm.",Creative reconstruction; not a decipherment or translation,A late star-marked text page near the end of the manuscript; included to test whether the same rule set reaches the corpus boundary.,pilot-0.1.0
f116r,S,Star-marked entries (conventionally called recipes),f116r.18,+P0,P,"<%>pchar[a:o]lor.qokey.r.ain.otedy.opain.lor.oiin.otain.otar.oteeedy.ches.ar,y",pchar[a:o]lor qokey r ain otedy opain lor oiin otain otar oteeedy ches ar [?break] y,pcharalor qokey r ain otedy opain lor oiin otain otar oteeedy ches ar y,14,running paragraph text; continuation; 14 normalized token groups. qokey: broad high-frequency form; r: broad high-frequency form; ain: broad high-frequency form. no English lexical value established.,Moderate for form and position; zero validated English semantics,"For weak digestion, take the bitter seed; strain it with vinegar and use it before sleep.",Creative reconstruction; not a decipherment or translation,A late star-marked text page near the end of the manuscript; included to test whether the same rule set reaches the corpus boundary.,pilot-0.1.0
f116r,S,Star-marked entries (conventionally called recipes),f116r.19,+P0,P,"porchey.sheedy.qotain.chetar.qotar.ar.arody.chcthy.rain.otey.ot,y.dain",porchey sheedy qotain chetar qotar ar arody chcthy rain otey ot [?break] y dain,porchey sheedy qotain chetar qotar ar arody chcthy rain otey ot y dain,13,running paragraph text; continuation; 13 normalized token groups. porchey: productive ending family; sheedy: productive ending family; qotain: productive qo- family. no English lexical value established.,Moderate for form and position; zero validated English semantics,"For a cold swelling, take the clarified resin; mix it with honey and use it once in the evening.",Creative reconstruction; not a decipherment or translation,A late star-marked text page near the end of the manuscript; included to test whether the same rule set reaches the corpus boundary.,pilot-0.1.0
f116r,S,Star-marked entries (conventionally called recipes),f116r.20,+P0,P,"chol.keedy.ol.cheey.raiin.y.chedy.otar.o,kal.okain.olar.otedy.qoty.sf?m",chol keedy ol cheey raiin y chedy otar o [?break] kal okain olar otedy qoty sf?m,chol keedy ol cheey raiin y chedy otar o kal okain olar otedy qoty sf m,16,running paragraph text; continuation; 16 normalized token groups. chol: broad high-frequency form; keedy: productive ending family; ol: broad high-frequency form. no English lexical value established.,Moderate for form and position; zero validated English semantics,"For a cold swelling, take the aromatic powder; warm it with a clear broth and use it while still warm.",Creative reconstruction; not a decipherment or translation,A late star-marked text page near the end of the manuscript; included to test whether the same rule set reaches the corpus boundary.,pilot-0.1.0
f116r,S,Star-marked entries (conventionally called recipes),f116r.21,+P0,P,"sairol.sheey.qokain.chal.qol.chl.l,rain.okain.shckhy.dtal.orchcthdy.lty",sairol sheey qokain chal qol chl l [?break] rain okain shckhy dtal orchcthdy lty,sairol sheey qokain chal qol chl l rain okain shckhy dtal orchcthdy lty,13,running paragraph text; continuation; 13 normalized token groups. sheey: broad high-frequency form; qokain: broad high-frequency form; chal: recurrent form. no English lexical value established.,Moderate for form and position; zero validated English semantics,"For restless sleep, take the aromatic powder; boil it with vinegar and use it while still warm.",Creative reconstruction; not a decipherment or translation,A late star-marked text page near the end of the manuscript; included to test whether the same rule set reaches the corpus boundary.,pilot-0.1.0
f116r,S,Star-marked entries (conventionally called recipes),f116r.22,+P0,P,dol.shedy.shekchy.qokain.chedy.otar.okalain.shcthy.oteey.dar.chedy.lg,dol shedy shekchy qokain chedy otar okalain shcthy oteey dar chedy lg,dol shedy shekchy qokain chedy otar okalain shcthy oteey dar chedy lg,12,running paragraph text; continuation; 12 normalized token groups. dol: broad high-frequency form; shedy: broad high-frequency form; shekchy: recurrent form. within-line repetition: chedy. no English lexical value established.,Moderate for form and position; zero validated English semantics,"For pain after exertion, take the bitter seed; strain it with warm water and use it once in the evening.",Creative reconstruction; not a decipherment or translation,A late star-marked text page near the end of the manuscript; included to test whether the same rule set reaches the corpus boundary.,pilot-0.1.0
f116r,S,Star-marked entries (conventionally called recipes),f116r.23,+P0,P,dain.cheeteey.lkar.shedy.qokal.shedy.qoteedy.ches.ain.ain.aly.salo.lm,dain cheeteey lkar shedy qokal shedy qoteedy ches ain ain aly salo lm,dain cheeteey lkar shedy qokal shedy qoteedy ches ain ain aly salo lm,13,"running paragraph text; continuation; 13 normalized token groups. dain: broad high-frequency form; cheeteey: productive ending family; lkar: section-concentrated form. within-line repetition: shedy, ain. no English lexical value established.",Moderate for form and position; zero validated English semantics,"For weak digestion, take the prepared root; grind it with oil and use it after food.",Creative reconstruction; not a decipherment or translation,A late star-marked text page near the end of the manuscript; included to test whether the same rule set reaches the corpus boundary.,pilot-0.1.0
f116r,S,Star-marked entries (conventionally called recipes),f116r.24,+P0,P,qokedy.okain.chcthy.oty.shedy.qokeey.chalkeey.okey.kedy.chey.lag,qokedy okain chcthy oty shedy qokeey chalkeey okey kedy chey lag,qokedy okain chcthy oty shedy qokeey chalkeey okey kedy chey lag,11,running paragraph text; continuation; 11 normalized token groups. qokedy: broad high-frequency form; okain: broad high-frequency form; chcthy: broad high-frequency form. no English lexical value established.,Moderate for form and position; zero validated English semantics,"For pain after exertion, take the clarified resin; warm it with vinegar and use it before sleep.",Creative reconstruction; not a decipherment or translation,A late star-marked text page near the end of the manuscript; included to test whether the same rule set reaches the corpus boundary.,pilot-0.1.0
f116r,S,Star-marked entries (conventionally called recipes),f116r.25,+P0,P,"chol.sheky.shedy.qokeey.qokeedy.shckhy.qokain.otal,ches.oin,ain,al,om",chol sheky shedy qokeey qokeedy shckhy qokain otal [?break] ches oin [?break] ain [?break] al [?break] om,chol sheky shedy qokeey qokeedy shckhy qokain otal ches oin ain al om,13,running paragraph text; continuation; 13 normalized token groups. chol: broad high-frequency form; sheky: recurrent form; shedy: broad high-frequency form. no English lexical value established.,Moderate for form and position; zero validated English semantics,"For a cold swelling, take the aromatic powder; mix it with oil and use it for three measured days.",Creative reconstruction; not a decipherment or translation,A late star-marked text page near the end of the manuscript; included to test whether the same rule set reaches the corpus boundary.,pilot-0.1.0
f116r,S,Star-marked entries (conventionally called recipes),f116r.26,+P0,P,ytchey.qokaiin.chckhol.shechol.qotey.ol.cheedy.otain.okedy.qotam,ytchey qokaiin chckhol shechol qotey ol cheedy otain okedy qotam,ytchey qokaiin chckhol shechol qotey ol cheedy otain okedy qotam,10,running paragraph text; continuation; 10 normalized token groups. ytchey: line-initial tendency; qokaiin: broad high-frequency form; chckhol: recurrent form. no English lexical value established.,Moderate for form and position; zero validated English semantics,"For weak digestion, take the bitter seed; grind it with honey and use it at dawn.",Creative reconstruction; not a decipherment or translation,A late star-marked text page near the end of the manuscript; included to test whether the same rule set reaches the corpus boundary.,pilot-0.1.0
f116r,S,Star-marked entries (conventionally called recipes),f116r.27,+P0,P,"daiin.chey.qokey.lshedy.orain.chckhy.lkain.chy,pshedy.lshedy.qoky.ram",daiin chey qokey lshedy orain chckhy lkain chy [?break] pshedy lshedy qoky ram,daiin chey qokey lshedy orain chckhy lkain chy pshedy lshedy qoky ram,12,running paragraph text; continuation; 12 normalized token groups. daiin: broad high-frequency form; chey: broad high-frequency form; qokey: broad high-frequency form. within-line repetition: lshedy. no English lexical value established.,Moderate for form and position; zero validated English semantics,"For pain after exertion, take the dried leaves; steep it with light wine and use it before sleep.",Creative reconstruction; not a decipherment or translation,A late star-marked text page near the end of the manuscript; included to test whether the same rule set reaches the corpus boundary.,pilot-0.1.0
f116r,S,Star-marked entries (conventionally called recipes),f116r.28,+P0,P,"cheol.lchey.lkeey.sheal.lshalshy.qotalshy.cthedy.l,ky.chedy.oteedy.lched",cheol lchey lkeey sheal lshalshy qotalshy cthedy l [?break] ky chedy oteedy lched,cheol lchey lkeey sheal lshalshy qotalshy cthedy l ky chedy oteedy lched,12,running paragraph text; continuation; 12 normalized token groups. cheol: broad high-frequency form; lchey: productive ending family; lkeey: section-concentrated form. no English lexical value established.,Moderate for form and position; zero validated English semantics,"For pain after exertion, take the aromatic powder; boil it with a clear broth and use it at dawn.",Creative reconstruction; not a decipherment or translation,A late star-marked text page near the end of the manuscript; included to test whether the same rule set reaches the corpus boundary.,pilot-0.1.0
f116r,S,Star-marked entries (conventionally called recipes),f116r.29,+P0,P,"cthan.cheey.lkeeal.lshey.chl,l.lkain.chear.aiin.chl.l.keedy.raraiin.ory",cthan cheey lkeeal lshey chl [?break] l lkain chear aiin chl l keedy raraiin ory,cthan cheey lkeeal lshey chl l lkain chear aiin chl l keedy raraiin ory,14,"running paragraph text; continuation; 14 normalized token groups. cheey: broad high-frequency form; lshey: productive ending family; chl: recurrent form. within-line repetition: chl, l. no English lexical value established.",Moderate for form and position; zero validated English semantics,"For a dry cough, take the aromatic powder; warm it with light wine and use it before sleep.",Creative reconstruction; not a decipherment or translation,A late star-marked text page near the end of the manuscript; included to test whether the same rule set reaches the corpus boundary.,pilot-0.1.0
f116r,S,Star-marked entries (conventionally called recipes),f116r.30,+P0,P,"saraiin.shey.qokain.chcthy.okar.air,ollaiin.okaly<$>",saraiin shey qokain chcthy okar air [?break] ollaiin okaly,saraiin shey qokain chcthy okar air ollaiin okaly,8,running paragraph text; paragraph or sequence ending; 8 normalized token groups. saraiin: productive ending family; shey: broad high-frequency form; qokain: broad high-frequency form. no English lexical value established.,Moderate for form and position; zero validated English semantics,"For a cold swelling, take the clarified resin; boil it with vinegar and use it before sleep.",Creative reconstruction; not a decipherment or translation,A late star-marked text page near the end of the manuscript; included to test whether the same rule set reaches the corpus boundary.,pilot-0.1.0
f116r,S,Star-marked entries (conventionally called recipes),f116r.31,+P0,P,"<%>pchall[a:o]rar.al.ckhal.rain.alolfchy.rpchey.shfy.ches.ar.opchekan,dlr",pchall[a:o]rar al ckhal rain alolfchy rpchey shfy ches ar opchekan [?break] dlr,pchallarar al ckhal rain alolfchy rpchey shfy ches ar opchekan dlr,11,running paragraph text; continuation; 11 normalized token groups. al: broad high-frequency form; ckhal: recurrent form; rain: section-concentrated form. no English lexical value established.,Moderate for form and position; zero validated English semantics,"For restless sleep, take the flower infusion; apply it with oil and use it once in the evening.",Creative reconstruction; not a decipherment or translation,A late star-marked text page near the end of the manuscript; included to test whether the same rule set reaches the corpus boundary.,pilot-0.1.0
f116r,S,Star-marked entries (conventionally called recipes),f116r.32,+P0,P,"olkeey.rain,shey.qor.aiin.shey.ol.lchedy.rshey.qokeedy.chtain.oly",olkeey rain [?break] shey qor aiin shey ol lchedy rshey qokeedy chtain oly,olkeey rain shey qor aiin shey ol lchedy rshey qokeedy chtain oly,12,running paragraph text; continuation; 12 normalized token groups. olkeey: productive ending family; rain: section-concentrated form; shey: broad high-frequency form. within-line repetition: shey. no English lexical value established.,Moderate for form and position; zero validated English semantics,"For a dry cough, take the prepared root; warm it with honey and use it once in the evening.",Creative reconstruction; not a decipherment or translation,A late star-marked text page near the end of the manuscript; included to test whether the same rule set reaches the corpus boundary.,pilot-0.1.0
f116r,S,Star-marked entries (conventionally called recipes),f116r.33,+P0,P,soraiin.ykeey.arain.sheeky.qokain.sheey.qol.cheds.ar.r.[?:a]rsheg,soraiin ykeey arain sheeky qokain sheey qol cheds ar r [?:a]rsheg,soraiin ykeey arain sheeky qokain sheey qol cheds ar r rsheg,11,running paragraph text; continuation; 11 normalized token groups. soraiin: productive ending family; ykeey: productive ending family; arain: productive ending family. no English lexical value established.,Moderate for form and position; zero validated English semantics,"For a recurring fever, take the bitter seed; steep it with vinegar and use it once in the evening.",Creative reconstruction; not a decipherment or translation,A late star-marked text page near the end of the manuscript; included to test whether the same rule set reaches the corpus boundary.,pilot-0.1.0
f116r,S,Star-marked entries (conventionally called recipes),f116r.34,+P0,P,"qokain.ar.raiin.shek.okain.y,r,shey.qolchey.okaiin.shckhy.qokam",qokain ar raiin shek okain y [?break] r [?break] shey qolchey okaiin shckhy qokam,qokain ar raiin shek okain y r shey qolchey okaiin shckhy qokam,12,running paragraph text; continuation; 12 normalized token groups. qokain: broad high-frequency form; ar: broad high-frequency form; raiin: productive ending family. no English lexical value established.,Moderate for form and position; zero validated English semantics,"For a recurring fever, take the flower infusion; warm it with light wine and use it while still warm.",Creative reconstruction; not a decipherment or translation,A late star-marked text page near the end of the manuscript; included to test whether the same rule set reaches the corpus boundary.,pilot-0.1.0
f116r,S,Star-marked entries (conventionally called recipes),f116r.35,+P0,P,shedy.qokeey.qokain.qokeey.lchey.olkey.raiin.cthar.shckhy.qorar,shedy qokeey qokain qokeey lchey olkey raiin cthar shckhy qorar,shedy qokeey qokain qokeey lchey olkey raiin cthar shckhy qorar,10,running paragraph text; continuation; 10 normalized token groups. shedy: broad high-frequency form; qokeey: broad high-frequency form; qokain: broad high-frequency form. within-line repetition: qokeey. no English lexical value established.,Moderate for form and position; zero validated English semantics,"For weak digestion, take the flower infusion; boil it with oil and use it once in the evening.",Creative reconstruction; not a decipherment or translation,A late star-marked text page near the end of the manuscript; included to test whether the same rule set reaches the corpus boundary.,pilot-0.1.0
f116r,S,Star-marked entries (conventionally called recipes),f116r.36,+P0,P,qokeey.rain.shey.okeey.lkain.l.dain.chey.sheckhy.q{cthh}y.qokl.ain,qokeey rain shey okeey lkain l dain chey sheckhy q{cthh}y qokl ain,qokeey rain shey okeey lkain l dain chey sheckhy qcthhy qokl ain,12,running paragraph text; continuation; 12 normalized token groups. qokeey: broad high-frequency form; rain: section-concentrated form; shey: broad high-frequency form. no English lexical value established.,Moderate for form and position; zero validated English semantics,"For a dry cough, take the prepared root; warm it with a clear broth and use it at dawn.",Creative reconstruction; not a decipherment or translation,A late star-marked text page near the end of the manuscript; included to test whether the same rule set reaches the corpus boundary.,pilot-0.1.0
f116r,S,Star-marked entries (conventionally called recipes),f116r.37,+P0,P,"pairain.sheek,l,y.oiin.cheey.lkeey.olkeey.lchey.qoky.lshedy.cheam.sham",pairain sheek [?break] l [?break] y oiin cheey lkeey olkeey lchey qoky lshedy cheam sham,pairain sheek l y oiin cheey lkeey olkeey lchey qoky lshedy cheam sham,13,running paragraph text; continuation; 13 normalized token groups. pairain: productive ending family; sheek: recurrent form; l: broad high-frequency form. no English lexical value established.,Moderate for form and position; zero validated English semantics,"For an aching limb, take the aromatic powder; mix it with a clear broth and use it once in the evening.",Creative reconstruction; not a decipherment or translation,A late star-marked text page near the end of the manuscript; included to test whether the same rule set reaches the corpus boundary.,pilot-0.1.0
f116r,S,Star-marked entries (conventionally called recipes),f116r.38,+P0,P,daiin.qokeey.lshey.qokaiin.chkar.shey.okaiin.chedy.qokeedy.raiin.shy,daiin qokeey lshey qokaiin chkar shey okaiin chedy qokeedy raiin shy,daiin qokeey lshey qokaiin chkar shey okaiin chedy qokeedy raiin shy,11,running paragraph text; continuation; 11 normalized token groups. daiin: broad high-frequency form; qokeey: broad high-frequency form; lshey: productive ending family. no English lexical value established.,Moderate for form and position; zero validated English semantics,"For pain after exertion, take the flower infusion; mix it with a clear broth and use it for three measured days.",Creative reconstruction; not a decipherment or translation,A late star-marked text page near the end of the manuscript; included to test whether the same rule set reaches the corpus boundary.,pilot-0.1.0
f116r,S,Star-marked entries (conventionally called recipes),f116r.39,+P0,P,"qokain.chey.olr.ain.shey.qokain.o,l,keey,keeey.lkeal.or.al.lom",qokain chey olr ain shey qokain o [?break] l [?break] keey [?break] keeey lkeal or al lom,qokain chey olr ain shey qokain o l keey keeey lkeal or al lom,14,running paragraph text; continuation; 14 normalized token groups. qokain: broad high-frequency form; chey: broad high-frequency form; olr: recurrent form. within-line repetition: qokain. no English lexical value established.,Moderate for form and position; zero validated English semantics,"For a recurring fever, take the dried leaves; warm it with vinegar and use it while still warm.",Creative reconstruction; not a decipherment or translation,A late star-marked text page near the end of the manuscript; included to test whether the same rule set reaches the corpus boundary.,pilot-0.1.0
f116r,S,Star-marked entries (conventionally called recipes),f116r.40,+P0,P,"dsheey.shey.qokey.shey.qokain.shckhy.chery.ol,chedy.l,chey,lchy",dsheey shey qokey shey qokain shckhy chery ol [?break] chedy l [?break] chey [?break] lchy,dsheey shey qokey shey qokain shckhy chery ol chedy l chey lchy,12,running paragraph text; continuation; 12 normalized token groups. dsheey: productive ending family; shey: broad high-frequency form; qokey: broad high-frequency form. within-line repetition: shey. no English lexical value established.,Moderate for form and position; zero validated English semantics,"For a cold swelling, take the clarified resin; steep it with warm water and use it once in the evening.",Creative reconstruction; not a decipherment or translation,A late star-marked text page near the end of the manuscript; included to test whether the same rule set reaches the corpus boundary.,pilot-0.1.0
f116r,S,Star-marked entries (conventionally called recipes),f116r.41,+P0,P,dlar.shar.shar.r.ain.sheain.okain.shey.qokchy.chckhy.orain,dlar shar shar r ain sheain okain shey qokchy chckhy orain,dlar shar shar r ain sheain okain shey qokchy chckhy orain,11,running paragraph text; continuation; 11 normalized token groups. shar: recurrent form; r: broad high-frequency form; ain: broad high-frequency form. within-line repetition: shar. no English lexical value established.,Moderate for form and position; zero validated English semantics,"For restless sleep, take the bitter seed; warm it with vinegar and use it before sleep.",Creative reconstruction; not a decipherment or translation,A late star-marked text page near the end of the manuscript; included to test whether the same rule set reaches the corpus boundary.,pilot-0.1.0
f116r,S,Star-marked entries (conventionally called recipes),f116r.42,+P0,P,qo.qokain.sheckhy.qokain.shekain.shkain.shedy.shey.qokan.cham,qo qokain sheckhy qokain shekain shkain shedy shey qokan cham,qo qokain sheckhy qokain shekain shkain shedy shey qokan cham,10,running paragraph text; continuation; 10 normalized token groups. qo: productive qo- family; qokain: broad high-frequency form; sheckhy: recurrent form. within-line repetition: qokain. no English lexical value established.,Moderate for form and position; zero validated English semantics,"For weak digestion, take the bitter seed; strain it with warm water and use it for three measured days.",Creative reconstruction; not a decipherment or translation,A late star-marked text page near the end of the manuscript; included to test whether the same rule set reaches the corpus boundary.,pilot-0.1.0
f116r,S,Star-marked entries (conventionally called recipes),f116r.43,+P0,P,[a:o]s???.ar.al.shear.teey.chcphy.rain.cphan.ydar.oty.shey.qokam,[a:o]s??? ar al shear teey chcphy rain cphan ydar oty shey qokam,as ar al shear teey chcphy rain cphan ydar oty shey qokam,12,running paragraph text; continuation; 12 normalized token groups. as: recurrent form; ar: broad high-frequency form; al: broad high-frequency form. no English lexical value established.,Moderate for form and position; zero validated English semantics,"For pain after exertion, take the flower infusion; strain it with oil and use it for three measured days.",Creative reconstruction; not a decipherment or translation,A late star-marked text page near the end of the manuscript; included to test whether the same rule set reaches the corpus boundary.,pilot-0.1.0
f116r,S,Star-marked entries (conventionally called recipes),f116r.44,+P0,P,s[?:o].o[k:?]eedy.qokain.shckhy.ol.lcheor.chky.raiin.chey.qol.okam,s[?:o] o[k:?]eedy qokain shckhy ol lcheor chky raiin chey qol okam,s okeedy qokain shckhy ol lcheor chky raiin chey qol okam,11,running paragraph text; continuation; 11 normalized token groups. s: broad high-frequency form; okeedy: broad high-frequency form; qokain: broad high-frequency form. no English lexical value established.,Moderate for form and position; zero validated English semantics,"For weak digestion, take the clarified resin; boil it with warm water and use it before sleep.",Creative reconstruction; not a decipherment or translation,A late star-marked text page near the end of the manuscript; included to test whether the same rule set reaches the corpus boundary.,pilot-0.1.0
f116r,S,Star-marked entries (conventionally called recipes),f116r.45,+P0,P,odain.sh??y.qoka[r:s].oleey.chy<$>,odain sh??y qoka[r:s] oleey chy,odain sh y qokar oleey chy,6,running paragraph text; paragraph or sequence ending; 6 normalized token groups. odain: line-final tendency; sh: recurrent form; y: broad high-frequency form. no English lexical value established.,Moderate for form and position; zero validated English semantics,"For a recurring fever, take the bitter seed; mix it with light wine and use it while still warm.",Creative reconstruction; not a decipherment or translation,A late star-marked text page near the end of the manuscript; included to test whether the same rule set reaches the corpus boundary.,pilot-0.1.0
f116r,S,Star-marked entries (conventionally called recipes),f116r.46,+P0,P,<%>oqokaiin.al.shey.qokar.okaral.okeysh{cphh}y.oteey.ookar.okydy,oqokaiin al shey qokar okaral okeysh{cphh}y oteey ookar okydy,oqokaiin al shey qokar okaral okeyshcphhy oteey ookar okydy,9,running paragraph text; continuation; 9 normalized token groups. oqokaiin: productive ending family; al: broad high-frequency form; shey: broad high-frequency form. no English lexical value established.,Moderate for form and position; zero validated English semantics,"For pain after exertion, take the flower infusion; warm it with light wine and use it at dawn.",Creative reconstruction; not a decipherment or translation,A late star-marked text page near the end of the manuscript; included to test whether the same rule set reaches the corpus boundary.,pilot-0.1.0
f116r,S,Star-marked entries (conventionally called recipes),f116r.47,+P0,P,osain.shky.qorain.chckhey.qokey.lkechy.okeey.okal.chedkaly,osain shky qorain chckhey qokey lkechy okeey okal chedkaly,osain shky qorain chckhey qokey lkechy okeey okal chedkaly,9,running paragraph text; continuation; 9 normalized token groups. osain: productive ending family; shky: recurrent form; qorain: productive qo- family. no English lexical value established.,Moderate for form and position; zero validated English semantics,"For an aching limb, take the clarified resin; apply it with warm water and use it after food.",Creative reconstruction; not a decipherment or translation,A late star-marked text page near the end of the manuscript; included to test whether the same rule set reaches the corpus boundary.,pilot-0.1.0
f116r,S,Star-marked entries (conventionally called recipes),f116r.48,+P0,P,sykar.ain.olkeey.dainchey.qokar.chey.dain.y.otan.otain.oly,sykar ain olkeey dainchey qokar chey dain y otan otain oly,sykar ain olkeey dainchey qokar chey dain y otan otain oly,11,running paragraph text; continuation; 11 normalized token groups. ain: broad high-frequency form; olkeey: productive ending family; dainchey: productive ending family. no English lexical value established.,Moderate for form and position; zero validated English semantics,"For a recurring fever, take the dried leaves; apply it with light wine and use it while still warm.",Creative reconstruction; not a decipherment or translation,A late star-marked text page near the end of the manuscript; included to test whether the same rule set reaches the corpus boundary.,pilot-0.1.0
f116r,S,Star-marked entries (conventionally called recipes),f116r.49,+P0,P,"sysor,shey.qokey.okeolan.chey.qol.or.cheey.qor.arom.ol.lkan",sysor [?break] shey qokey okeolan chey qol or cheey qor arom ol lkan,sysor shey qokey okeolan chey qol or cheey qor arom ol lkan,12,running paragraph text; continuation; 12 normalized token groups. shey: broad high-frequency form; qokey: broad high-frequency form; chey: broad high-frequency form. no English lexical value established.,Moderate for form and position; zero validated English semantics,"For a recurring fever, take the clarified resin; steep it with honey and use it at dawn.",Creative reconstruction; not a decipherment or translation,A late star-marked text page near the end of the manuscript; included to test whether the same rule set reaches the corpus boundary.,pilot-0.1.0
f116r,S,Star-marked entries (conventionally called recipes),f116r.50,+P0,P,"sodal.ch,al.chcthy.chckhy.qol,ain,ary<$>",sodal ch [?break] al chcthy chckhy qol [?break] ain [?break] ary,sodal ch al chcthy chckhy qol ain ary,8,running paragraph text; paragraph or sequence ending; 8 normalized token groups. ch: recurrent form; al: broad high-frequency form; chcthy: broad high-frequency form. no English lexical value established.,Moderate for form and position; zero validated English semantics,"For restless sleep, take the flower infusion; strain it with vinegar and use it for three measured days.",Creative reconstruction; not a decipherment or translation,A late star-marked text page near the end of the manuscript; included to test whether the same rule set reaches the corpus boundary.,pilot-0.1.0
